id,company_id,year,operating_activity,investing_activity,financing_activity,net_cash_flow,fiscal_year,free_cash_flow,net_profit,cash_conversion_ratio
37,TCS,Mar-13,11615.0,-6038.0,-5729.0,-152.0,2013,5577.0,14076.0,0.8251633986928104
38,TCS,Mar-14,14751.0,-9452.0,-5673.0,-374.0,2014,5299.0,19332.0,0.7630353817504656
39,TCS,Mar-15,19369.0,-1807.0,-17168.0,394.0,2015,17562.0,20060.0,0.9655533399800598
40,TCS,Mar-16,19109.0,-5010.0,-9666.0,4433.0,2016,14099.0,24338.0,0.785150792998603
41,TCS,Mar-17,25223.0,-16895.0,-11026.0,-2698.0,2017,8328.0,26357.0,0.9569753765603065
42,TCS,Mar-18,25067.0,3104.0,-26885.0,1286.0,2018,28171.0,25880.0,0.9685857805255024
43,TCS,Mar-19,28593.0,1645.0,-27897.0,2341.0,2019,30238.0,31562.0,0.9059311830682466
44,TCS,Mar-20,32369.0,8968.0,-39915.0,1422.0,2020,41337.0,32447.0,0.9975960797608407
45,TCS,Mar-21,38802.0,-7956.0,-32634.0,-1788.0,2021,30846.0,32562.0,1.191634420490142
46,TCS,Mar-22,39949.0,-738.0,-33581.0,5630.0,2022,39211.0,38449.0,1.0390127181461157
47,TCS,Mar-23,41965.0,548.0,-47878.0,-5365.0,2023,42513.0,42303.0,0.9920100229298159
48,TCS,Mar-24,44338.0,6091.0,-48536.0,1893.0,2024,50429.0,46099.0,0.9617996051975097
61,ABB,Dec 2012,101.0,-59.0,-42.0,1.0,2012,42.0,145.0,0.696551724137931
62,ABB,Mar 2014,155.0,-144.0,-42.0,-31.0,2014,11.0,198.0,0.7828282828282829
63,ABB,Mar 2015,215.0,-187.0,-58.0,-30.0,2015,28.0,229.0,0.9388646288209607
64,ABB,Mar 2016,249.0,-77.0,-80.0,91.0,2016,172.0,255.0,0.9764705882352941
65,ABB,Mar 2017,307.0,-155.0,-90.0,62.0,2017,152.0,277.0,1.108303249097473
66,ABB,Mar 2018,153.0,-215.0,-102.0,-165.0,2018,-62.0,401.0,0.38154613466334164
67,ABB,Mar 2019,499.0,-257.0,-143.0,99.0,2019,242.0,450.0,1.1088888888888888
68,ABB,Mar 2020,626.0,-401.0,-217.0,8.0,2020,225.0,593.0,1.0556492411467115
69,ABB,Mar 2021,727.0,-72.0,-582.0,73.0,2021,655.0,691.0,1.0520984081041969
70,ABB,Mar 2022,948.0,-396.0,-637.0,-86.0,2022,552.0,799.0,1.1864831038798498
71,ABB,Mar 2023,893.0,-148.0,-639.0,107.0,2023,745.0,949.0,0.9409905163329821
72,ABB,Mar 2024,1213.0,-416.0,-745.0,52.0,2024,797.0,1201.0,1.009991673605329
73,ABB,Mar 2014,0.0,0.0,0.0,0.0,2014,0.0,198.0,0.0
74,ABB,Mar 2015,-35.0,-1864.0,1902.0,3.0,2015,-1899.0,229.0,-0.15283842794759825
75,ABB,Mar 2016,1544.0,-816.0,-722.0,6.0,2016,728.0,255.0,6.0549019607843135
76,ABB,Mar 2017,2189.0,-1730.0,-455.0,4.0,2017,459.0,277.0,7.902527075812275
77,ABB,Mar 2018,2198.0,-3192.0,1589.0,596.0,2018,-994.0,401.0,5.4812967581047385
78,ABB,Mar 2019,2591.0,-3050.0,38.0,-421.0,2019,-459.0,450.0,5.757777777777778
79,ABB,Mar 2020,5437.0,-5643.0,1250.0,1045.0,2020,-206.0,593.0,9.168634064080944
80,ABB,Mar 2021,3784.0,-4009.0,-745.0,-969.0,2021,-225.0,691.0,5.476121562952243
81,ABB,Mar 2022,4097.0,-3936.0,-235.0,-75.0,2022,161.0,799.0,5.127659574468085
82,ABB,Mar 2023,3777.0,-4699.0,923.0,2.0,2023,-922.0,949.0,3.9799789251844047
83,ABB,Mar 2024,6038.0,-4943.0,-543.0,551.0,2024,1095.0,1201.0,5.027477102414655
84,ADANIENSOL,Mar 2014,0.0,0.0,0.0,0.0,2014,0.0,0.0,
85,ADANIENSOL,Mar 2015,-35.0,-1864.0,1902.0,3.0,2015,-1899.0,-7.0,5.0
86,ADANIENSOL,Mar 2016,1544.0,-816.0,-722.0,6.0,2016,728.0,368.0,4.195652173913044
87,ADANIENSOL,Mar 2017,2189.0,-1730.0,-455.0,4.0,2017,459.0,416.0,5.262019230769231
88,ADANIENSOL,Mar 2018,2198.0,-3192.0,1589.0,596.0,2018,-994.0,1143.0,1.9230096237970253
89,ADANIENSOL,Mar 2019,2591.0,-3050.0,38.0,-421.0,2019,-459.0,559.0,4.635062611806798
90,ADANIENSOL,Mar 2020,5437.0,-5643.0,1250.0,1045.0,2020,-206.0,706.0,7.701133144475921
91,ADANIENSOL,Mar 2021,3784.0,-4009.0,-745.0,-969.0,2021,-225.0,1290.0,2.933333333333333
92,ADANIENSOL,Mar 2022,4097.0,-3936.0,-235.0,-75.0,2022,161.0,1236.0,3.3147249190938513
93,ADANIENSOL,Mar 2023,3777.0,-4699.0,923.0,2.0,2023,-922.0,1281.0,2.9484777517564402
94,ADANIENSOL,Mar 2024,6038.0,-4943.0,-543.0,551.0,2024,1095.0,1196.0,5.048494983277592
95,ADANIENT,Mar 2013,7666.0,-14790.0,7199.0,75.0,2013,-7124.0,1218.0,6.293924466338259
96,ADANIENT,Mar 2014,8228.0,-8007.0,-1109.0,-888.0,2014,221.0,2646.0,3.109599395313681
97,ADANIENT,Mar 2015,8532.0,-11465.0,3445.0,512.0,2015,-2933.0,2298.0,3.7127937336814623
98,ADANIENT,Mar 2016,5112.0,-1825.0,-3448.0,-161.0,2016,3287.0,1000.0,5.112
99,ADANIENT,Mar 2017,774.0,-1460.0,716.0,30.0,2017,-686.0,925.0,0.8367567567567568
100,ADANIENT,Mar 2018,2942.0,-7649.0,5120.0,413.0,2018,-4707.0,594.0,4.952861952861953
101,ADANIENT,Mar 2019,3236.0,2487.0,-6158.0,-436.0,2019,5723.0,506.0,6.395256916996048
102,ADANIENT,Mar 2020,2454.0,-1082.0,-221.0,1151.0,2020,1372.0,1040.0,2.3596153846153847
103,ADANIENT,Mar 2021,4043.0,-8611.0,3109.0,-1459.0,2021,-4568.0,1046.0,3.8652007648183555
104,ADANIENT,Mar 2022,1385.0,-17041.0,15901.0,246.0,2022,-15656.0,788.0,1.7576142131979695
105,ADANIENT,Mar 2023,17626.0,-15459.0,-1198.0,970.0,2023,2167.0,2422.0,7.277456647398844
106,ADANIENT,Mar 2024,10312.0,-18767.0,8879.0,424.0,2024,-8455.0,3335.0,3.0920539730134933
107,ADANIGREEN,Mar 2017,28.0,-1511.0,1559.0,76.0,2017,-1483.0,-47.0,-0.5957446808510638
108,ADANIGREEN,Mar 2018,649.0,-4428.0,3942.0,162.0,2018,-3779.0,-138.0,-4.702898550724638
109,ADANIGREEN,Mar 2019,1625.0,-2666.0,1045.0,3.0,2019,-1041.0,-475.0,-3.4210526315789473
110,ADANIGREEN,Mar 2020,1965.0,-3743.0,2161.0,383.0,2020,-1778.0,-68.0,-28.897058823529413
111,ADANIGREEN,Mar 2021,1601.0,-9137.0,7083.0,-453.0,2021,-7536.0,182.0,8.796703296703297
112,ADANIGREEN,Mar 2022,3127.0,-18730.0,15986.0,383.0,2022,-15603.0,489.0,6.394683026584867
113,ADANIGREEN,Mar 2023,7265.0,-3857.0,-2973.0,435.0,2023,3408.0,973.0,7.466598150051388
114,ADANIGREEN,Mar 2024,7713.0,-21060.0,13953.0,606.0,2024,-13347.0,1260.0,6.121428571428571
115,ADANIPORTS,Mar 2013,1379.0,-5136.0,4138.0,381.0,2013,-3757.0,1639.0,0.8413666870042709
115,ADANIPORTS,Mar 2013,1379.0,-5136.0,4138.0,381.0,2013,-3757.0,1639.0,0.8413666870042709
116,ADANIPORTS,Mar 2014,1132.0,-2510.0,772.0,-606.0,2014,-1378.0,1741.0,0.6502010338885698
116,ADANIPORTS,Mar 2014,1132.0,-2510.0,772.0,-606.0,2014,-1378.0,1741.0,0.6502010338885698
117,ADANIPORTS,Mar 2015,3057.0,-2485.0,-237.0,335.0,2015,572.0,2324.0,1.3154044750430292
117,ADANIPORTS,Mar 2015,3057.0,-2485.0,-237.0,335.0,2015,572.0,2324.0,1.3154044750430292
118,ADANIPORTS,Mar 2016,2381.0,-4153.0,2170.0,398.0,2016,-1772.0,2856.0,0.8336834733893558
118,ADANIPORTS,Mar 2016,2381.0,-4153.0,2170.0,398.0,2016,-1772.0,2856.0,0.8336834733893558
119,ADANIPORTS,Mar 2017,4063.0,-2629.0,-1325.0,109.0,2017,1434.0,3902.0,1.0412608918503332
119,ADANIPORTS,Mar 2017,4063.0,-2629.0,-1325.0,109.0,2017,1434.0,3902.0,1.0412608918503332
120,ADANIPORTS,Mar 2018,5608.0,-3846.0,-1889.0,-127.0,2018,1762.0,3690.0,1.5197831978319782
120,ADANIPORTS,Mar 2018,5608.0,-3846.0,-1889.0,-127.0,2018,1762.0,3690.0,1.5197831978319782
121,ADANIPORTS,Mar 2019,6029.0,-4368.0,2313.0,3975.0,2019,1661.0,4045.0,1.4904820766378244
121,ADANIPORTS,Mar 2019,6029.0,-4368.0,2313.0,3975.0,2019,1661.0,4045.0,1.4904820766378244
122,ADANIPORTS,Mar 2020,7402.0,-749.0,-4256.0,2397.0,2020,6653.0,3785.0,1.9556142668428005
122,ADANIPORTS,Mar 2020,7402.0,-749.0,-4256.0,2397.0,2020,6653.0,3785.0,1.9556142668428005
123,ADANIPORTS,Mar 2021,7556.0,-14064.0,3514.0,-2994.0,2021,-6508.0,5049.0,1.4965339671222024
123,ADANIPORTS,Mar 2021,7556.0,-14064.0,3514.0,-2994.0,2021,-6508.0,5049.0,1.4965339671222024
124,ADANIPORTS,Mar 2022,10420.0,-5493.0,-586.0,4341.0,2022,4927.0,4953.0,2.103775489602261
124,ADANIPORTS,Mar 2022,10420.0,-5493.0,-586.0,4341.0,2022,4927.0,4953.0,2.103775489602261
125,ADANIPORTS,Mar 2023,11900.0,-16716.0,-2734.0,-7550.0,2023,-4816.0,5391.0,2.2073826748284175
125,ADANIPORTS,Mar 2023,11900.0,-16716.0,-2734.0,-7550.0,2023,-4816.0,5391.0,2.2073826748284175
126,ADANIPORTS,Mar 2024,15018.0,-6768.0,-7800.0,450.0,2024,8250.0,8104.0,1.8531589338598222
126,ADANIPORTS,Mar 2024,15018.0,-6768.0,-7800.0,450.0,2024,8250.0,8104.0,1.8531589338598222
127,ADANIPOWER,Mar 2013,3001.0,-4064.0,861.0,-203.0,2013,-1063.0,-2295.0,-1.3076252723311548
128,ADANIPOWER,Mar 2014,3238.0,-4700.0,1631.0,169.0,2014,-1462.0,-291.0,-11.127147766323024
129,ADANIPOWER,Mar 2015,5824.0,-4737.0,-1144.0,-58.0,2015,1087.0,-816.0,-7.137254901960785
130,ADANIPOWER,Mar 2016,5257.0,-2692.0,-2713.0,-148.0,2016,2565.0,551.0,9.540834845735027
131,ADANIPOWER,Mar 2017,4725.0,-1212.0,-3539.0,-26.0,2017,3513.0,-6174.0,-0.7653061224489796
132,ADANIPOWER,Mar 2018,5101.0,-520.0,-4600.0,-19.0,2018,4581.0,-2103.0,-2.425582501188778
133,ADANIPOWER,Mar 2019,5610.0,-984.0,-4663.0,-37.0,2019,4626.0,-984.0,-5.701219512195122
134,ADANIPOWER,Mar 2020,5598.0,-2304.0,-2377.0,917.0,2020,3294.0,-2275.0,-2.4606593406593404
135,ADANIPOWER,Mar 2021,7014.0,-2188.0,-5655.0,-828.0,2021,4826.0,1270.0,5.522834645669291
136,ADANIPOWER,Mar 2022,10233.0,774.0,-10338.0,669.0,2022,11007.0,4912.0,2.0832654723127035
137,ADANIPOWER,Mar 2023,8431.0,1545.0,-10408.0,-433.0,2023,9976.0,10727.0,0.7859606600167801
138,ADANIPOWER,Mar 2024,14170.0,3481.0,-16864.0,787.0,2024,17651.0,20829.0,0.6803015027125642
139,AMBUJACEM,Dec 2012,1860.0,-388.0,-509.0,962.0,2012,1472.0,1292.0,1.4396284829721362
140,AMBUJACEM,Dec 2013,1267.0,-496.0,-672.0,99.0,2013,771.0,1278.0,0.9913928012519562
141,AMBUJACEM,Dec 2014,1675.0,-456.0,-721.0,498.0,2014,1219.0,1487.0,1.1264290517821116
142,AMBUJACEM,Dec 2015,1557.0,-83.0,-900.0,574.0,2015,1474.0,808.0,1.926980198019802
143,AMBUJACEM,Dec 2016,2810.0,-4165.0,-958.0,-2312.0,2016,-1355.0,1434.0,1.9595536959553697
144,AMBUJACEM,Dec 2017,3416.0,-738.0,-1015.0,1663.0,2017,2678.0,1945.0,1.7562982005141388
145,AMBUJACEM,Dec 2018,1703.0,-765.0,-719.0,220.0,2018,938.0,2973.0,0.5728220652539522
146,AMBUJACEM,Dec 2019,4739.0,-1191.0,-629.0,2919.0,2019,3548.0,2783.0,1.7028386633129715
147,AMBUJACEM,Dec 2020,4832.0,-1317.0,-3956.0,-441.0,2020,3515.0,3107.0,1.5551979401351785
148,AMBUJACEM,Dec 2021,5309.0,-2007.0,-516.0,2786.0,2021,3302.0,3711.0,1.4306116949609269
149,AMBUJACEM,Mar 2023,735.0,-14481.0,2931.0,-10815.0,2023,-13746.0,3024.0,0.24305555555555555
150,AMBUJACEM,Mar 2024,5646.0,-8941.0,5689.0,2394.0,2024,-3295.0,4738.0,1.1916420430561419
151,APOLLOHOSP,Mar 2013,443.0,-733.0,373.0,83.0,2013,-290.0,303.0,1.462046204620462
152,APOLLOHOSP,Mar 2014,373.0,-356.0,-63.0,-46.0,2014,17.0,315.0,1.1841269841269841
153,APOLLOHOSP,Mar 2015,470.0,-759.0,392.0,103.0,2015,-289.0,335.0,1.4029850746268657
154,APOLLOHOSP,Mar 2016,597.0,-888.0,330.0,39.0,2016,-291.0,235.0,2.5404255319148934
155,APOLLOHOSP,Mar 2017,623.0,-1152.0,477.0,-52.0,2017,-529.0,131.0,4.755725190839694
156,APOLLOHOSP,Mar 2018,537.0,-405.0,-108.0,24.0,2018,132.0,60.0,8.95
157,APOLLOHOSP,Mar 2019,905.0,-711.0,-215.0,-20.0,2019,194.0,200.0,4.525
158,APOLLOHOSP,Mar 2020,1293.0,-289.0,-910.0,94.0,2020,1004.0,432.0,2.9930555555555554
159,APOLLOHOSP,Mar 2021,1265.0,-880.0,-340.0,44.0,2021,385.0,137.0,9.233576642335766
160,APOLLOHOSP,Mar 2022,1696.0,-747.0,-792.0,158.0,2022,949.0,1108.0,1.5306859205776173
161,APOLLOHOSP,Mar 2023,1377.0,-857.0,-633.0,-113.0,2023,520.0,844.0,1.6315165876777251
162,APOLLOHOSP,Mar 2024,1920.0,-1537.0,-311.0,72.0,2024,383.0,935.0,2.053475935828877
163,ASIANPAINT,Mar 2013,1187.0,-463.0,-601.0,123.0,2013,724.0,1160.0,1.0232758620689655
164,ASIANPAINT,Mar 2014,1402.0,-586.0,-626.0,190.0,2014,816.0,1263.0,1.110055423594616
165,ASIANPAINT,Mar 2015,1188.0,-465.0,-576.0,147.0,2015,723.0,1427.0,0.8325157673440785
166,ASIANPAINT,Mar 2016,2243.0,-866.0,-849.0,528.0,2016,1377.0,1803.0,1.2440377149195785
167,ASIANPAINT,Mar 2017,1527.0,-681.0,-756.0,90.0,2017,846.0,2016.0,0.7574404761904762
168,ASIANPAINT,Mar 2018,2113.0,-1556.0,-1379.0,-822.0,2018,557.0,2098.0,1.0071496663489037
169,ASIANPAINT,Mar 2019,2470.0,-918.0,-1117.0,434.0,2019,1552.0,2208.0,1.118659420289855
170,ASIANPAINT,Mar 2020,3038.0,-518.0,-2871.0,-351.0,2020,2520.0,2774.0,1.0951694304253785
171,ASIANPAINT,Mar 2021,3683.0,-541.0,-650.0,2492.0,2021,3142.0,3207.0,1.1484253196133458
172,ASIANPAINT,Mar 2022,986.0,-317.0,-1808.0,-1138.0,2022,669.0,3085.0,0.3196110210696921
173,ASIANPAINT,Mar 2023,4193.0,-1282.0,-2140.0,771.0,2023,2911.0,4195.0,0.999523241954708
174,ASIANPAINT,Mar 2024,6104.0,-2548.0,-2982.0,573.0,2024,3556.0,5558.0,1.0982367758186398
189,AGTL,Mar 2018,277.0,-988.0,779.0,68.0,2018,-711.0,,
190,AGTL,Mar 2019,356.0,791.0,-1077.0,70.0,2019,1147.0,,
191,AGTL,Mar 2020,492.0,-461.0,-102.0,-71.0,2020,31.0,,
192,AGTL,Mar 2021,654.0,-770.0,39.0,-78.0,2021,-116.0,,
193,AGTL,Mar 2022,732.0,-1133.0,422.0,21.0,2022,-401.0,,
194,AGTL,Mar 2023,853.0,-1167.0,295.0,-19.0,2023,-314.0,,
195,AGTL,Mar 2024,955.0,-752.0,-78.0,125.0,2024,203.0,,
196,AXISBANK,Mar 2013,2573.0,-10939.0,14931.0,6566.0,2013,-8366.0,5179.0,0.4968140567677158
197,AXISBANK,Mar 2014,14464.0,-14166.0,7785.0,8082.0,2014,298.0,6218.0,2.326149887423609
198,AXISBANK,Mar 2015,-15162.0,-7972.0,31045.0,7910.0,2015,-23134.0,7358.0,-2.060614297363414
199,AXISBANK,Mar 2016,-34495.0,9211.0,22495.0,-2789.0,2016,-25284.0,8224.0,-4.19443093385214
200,AXISBANK,Mar 2017,32209.0,-12458.0,-2487.0,17263.0,2017,19751.0,3679.0,8.754824680619734
201,AXISBANK,Mar 2018,-38390.0,-10007.0,41342.0,-7055.0,2018,-48397.0,276.0,-139.09420289855072
202,AXISBANK,Mar 2019,37125.0,-18674.0,5643.0,24094.0,2019,18451.0,4677.0,7.937780628608082
203,AXISBANK,Mar 2020,30416.0,-9485.0,8865.0,29795.0,2020,20931.0,1627.0,18.694529809465273
204,AXISBANK,Mar 2021,12633.0,-54288.0,7279.0,-34375.0,2021,-41655.0,6588.0,1.9175774134790529
205,AXISBANK,Mar 2022,28137.0,-27112.0,47894.0,48919.0,2022,1025.0,13025.0,2.1602303262955855
206,AXISBANK,Mar 2023,22075.0,-32351.0,6641.0,-3636.0,2023,-10276.0,9580.0,2.3042797494780793
207,AXISBANK,Mar 2024,-5555.0,-9001.0,22341.0,7785.0,2024,-14556.0,24861.0,-0.2234423394071035
208,BAJAJ-AUTO,Mar 2013,2218.0,-1394.0,-1445.0,-621.0,2013,824.0,3133.0,0.7079476540057453
209,BAJAJ-AUTO,Mar 2014,3502.0,-2072.0,-1496.0,-66.0,2014,1430.0,3380.0,1.036094674556213
210,BAJAJ-AUTO,Mar 2015,2114.0,-380.0,-1644.0,90.0,2015,1734.0,3026.0,0.6986120290812955
211,BAJAJ-AUTO,Mar 2016,3690.0,-68.0,-3384.0,238.0,2016,3622.0,4061.0,0.9086431913321842
212,BAJAJ-AUTO,Mar 2017,3267.0,-3610.0,-190.0,-532.0,2017,-343.0,4079.0,0.8009316008825692
213,BAJAJ-AUTO,Mar 2018,4328.0,-1954.0,-1885.0,488.0,2018,2374.0,4219.0,1.0258355060440862
214,BAJAJ-AUTO,Mar 2019,2487.0,-273.0,-2074.0,140.0,2019,2214.0,4928.0,0.5046672077922078
215,BAJAJ-AUTO,Mar 2020,3850.0,1766.0,-6247.0,-630.0,2020,5616.0,5212.0,0.7386799693016116
216,BAJAJ-AUTO,Mar 2021,3120.0,-2869.0,-20.0,231.0,2021,251.0,4857.0,0.6423718344657195
217,BAJAJ-AUTO,Mar 2022,4197.0,276.0,-4056.0,417.0,2022,4473.0,6166.0,0.6806681803438209
218,BAJAJ-AUTO,Mar 2023,5277.0,1211.0,-7181.0,-692.0,2023,6488.0,6060.0,0.8707920792079208
219,BAJAJ-AUTO,Mar 2024,6558.0,-72.0,-6167.0,319.0,2024,6486.0,7708.0,0.8508043591074209
220,BAJAJ-AUTO,Mar 2013,2218.0,-1394.0,-1445.0,-621.0,2013,824.0,3133.0,0.7079476540057453
221,BAJAJ-AUTO,Mar 2014,3502.0,-2072.0,-1496.0,-66.0,2014,1430.0,3380.0,1.036094674556213
222,BAJAJ-AUTO,Mar 2015,2114.0,-380.0,-1644.0,90.0,2015,1734.0,3026.0,0.6986120290812955
223,BAJAJ-AUTO,Mar 2016,3690.0,-68.0,-3384.0,238.0,2016,3622.0,4061.0,0.9086431913321842
224,BAJAJ-AUTO,Mar 2017,3267.0,-3610.0,-190.0,-532.0,2017,-343.0,4079.0,0.8009316008825692
225,BAJAJ-AUTO,Mar 2018,4328.0,-1954.0,-1885.0,488.0,2018,2374.0,4219.0,1.0258355060440862
226,BAJAJ-AUTO,Mar 2019,2487.0,-273.0,-2074.0,140.0,2019,2214.0,4928.0,0.5046672077922078
227,BAJAJ-AUTO,Mar 2020,3850.0,1766.0,-6247.0,-630.0,2020,5616.0,5212.0,0.7386799693016116
228,BAJAJ-AUTO,Mar 2021,3120.0,-2869.0,-20.0,231.0,2021,251.0,4857.0,0.6423718344657195
229,BAJAJ-AUTO,Mar 2022,4197.0,276.0,-4056.0,417.0,2022,4473.0,6166.0,0.6806681803438209
230,BAJAJ-AUTO,Mar 2023,5277.0,1211.0,-7181.0,-692.0,2023,6488.0,6060.0,0.8707920792079208
231,BAJAJ-AUTO,Mar 2024,6558.0,-72.0,-6167.0,319.0,2024,6486.0,7708.0,0.8508043591074209
232,BAJAJFINSV,Mar 2013,-6922.0,2953.0,4592.0,623.0,2013,-3969.0,2214.0,-3.1264679313459802
233,BAJAJFINSV,Mar 2014,-9807.0,3764.0,6521.0,478.0,2014,-6043.0,2191.0,-4.476038338658147
234,BAJAJFINSV,Mar 2015,-10731.0,3709.0,6839.0,-183.0,2015,-7022.0,2409.0,-4.454545454545454
235,BAJAJFINSV,Mar 2016,-9795.0,-886.0,11602.0,921.0,2016,-10681.0,2775.0,-3.5297297297297296
236,BAJAJFINSV,Mar 2017,-10922.0,151.0,12513.0,1742.0,2017,-10771.0,3450.0,-3.165797101449275
237,BAJAJFINSV,Mar 2018,-19580.0,-922.0,19590.0,-911.0,2018,-20502.0,4176.0,-4.688697318007663
238,BAJAJFINSV,Mar 2019,-27076.0,-6903.0,34535.0,555.0,2019,-33979.0,5374.0,-5.038332713062895
239,BAJAJFINSV,Mar 2020,-23369.0,-9948.0,34479.0,1162.0,2020,-33317.0,5994.0,-3.898732065398732
240,BAJAJFINSV,Mar 2021,4547.0,-3684.0,1687.0,2551.0,2021,863.0,7367.0,0.6172118908646668
241,BAJAJFINSV,Mar 2022,-33670.0,1445.0,32326.0,101.0,2022,-32225.0,8314.0,-4.049795525619437
242,BAJAJFINSV,Mar 2023,-39480.0,-13945.0,51016.0,-2409.0,2023,-53425.0,12210.0,-3.2334152334152333
243,BAJAJFINSV,Mar 2024,-68674.0,-10960.0,82709.0,3075.0,2024,-79634.0,15595.0,-4.403590894517474
244,BAJAJHLDNG,Mar 2013,473.0,-369.0,-332.0,-228.0,2013,104.0,1856.0,0.2548491379310345
245,BAJAJHLDNG,Mar 2014,872.0,-519.0,-326.0,27.0,2014,353.0,1988.0,0.4386317907444668
246,BAJAJHLDNG,Mar 2015,796.0,-464.0,-391.0,-59.0,2015,332.0,2029.0,0.39231148348940365
247,BAJAJHLDNG,Mar 2016,1147.0,1019.0,-761.0,1406.0,2016,2166.0,2265.0,0.506401766004415
248,BAJAJHLDNG,Mar 2017,-923.0,-372.0,-110.0,-1406.0,2017,-1295.0,2473.0,-0.3732308936514355
249,BAJAJHLDNG,Mar 2018,1631.0,-1123.0,-434.0,74.0,2018,508.0,2655.0,0.6143126177024482
250,BAJAJHLDNG,Mar 2019,628.0,-163.0,-536.0,-72.0,2019,465.0,3048.0,0.20603674540682415
251,BAJAJHLDNG,Mar 2020,1920.0,-800.0,-1028.0,92.0,2020,1120.0,3080.0,0.6233766233766234
252,BAJAJHLDNG,Mar 2021,272.0,-308.0,-37.0,-73.0,2021,-36.0,3654.0,0.07443897099069513
253,BAJAJHLDNG,Mar 2022,1610.0,-151.0,-1460.0,-1.0,2022,1459.0,4126.0,0.39020843431895297
254,BAJAJHLDNG,Mar 2023,1728.0,-137.0,-1587.0,4.0,2023,1591.0,4946.0,0.3493732308936514
255,BAJAJHLDNG,Mar 2024,1941.0,-472.0,-1455.0,14.0,2024,1469.0,7365.0,0.26354378818737273
256,BAJFINANCE,Mar 2015,-7064.0,-360.0,6867.0,-557.0,2015,-7424.0,898.0,-7.866369710467706
257,BAJFINANCE,Mar 2016,-9870.0,-687.0,11656.0,1100.0,2016,-10557.0,1279.0,-7.716966379984362
258,BAJFINANCE,Mar 2017,-10439.0,-3047.0,12513.0,-972.0,2017,-13486.0,1836.0,-5.685729847494553
259,BAJFINANCE,Mar 2018,-20566.0,1075.0,19503.0,13.0,2018,-19491.0,2496.0,-8.239583333333334
260,BAJFINANCE,Mar 2019,-29062.0,-5379.0,34449.0,9.0,2019,-34441.0,3995.0,-7.27459324155194
261,BAJFINANCE,Mar 2020,-24412.0,-8758.0,34167.0,998.0,2020,-33170.0,5264.0,-4.637537993920972
262,BAJFINANCE,Mar 2021,-807.0,-429.0,1741.0,505.0,2021,-1236.0,4420.0,-0.18257918552036198
263,BAJFINANCE,Mar 2022,-37090.0,6347.0,32275.0,1532.0,2022,-30743.0,7028.0,-5.277461582242458
264,BAJFINANCE,Mar 2023,-42112.0,-10394.0,50675.0,-1831.0,2023,-52506.0,11508.0,-3.659367396593674
265,BAJFINANCE,Mar 2024,-72760.0,-7171.0,82415.0,2484.0,2024,-79931.0,14451.0,-5.034945678499758
266,BANKBARODA,Mar 2013,23196.0,-514.0,-790.0,21892.0,2013,22682.0,4829.0,4.803478981155519
267,BANKBARODA,Mar 2014,42233.0,-730.0,5151.0,46654.0,2014,41503.0,5036.0,8.386219221604447
268,BANKBARODA,Mar 2015,17838.0,-556.0,-6.0,17276.0,2015,17282.0,3950.0,4.5159493670886075
269,BANKBARODA,Mar 2016,-10011.0,-4005.0,-616.0,-14632.0,2016,-14016.0,-5033.0,1.9890721239817206
270,BANKBARODA,Mar 2017,17865.0,-551.0,-198.0,17116.0,2017,17314.0,1855.0,9.630727762803234
271,BANKBARODA,Mar 2018,-59692.0,-414.0,3413.0,-56692.0,2018,-60106.0,-1836.0,32.5119825708061
272,BANKBARODA,Mar 2019,-1449.0,-2537.0,4449.0,462.0,2019,-3986.0,1166.0,-1.2427101200686106
273,BANKBARODA,Mar 2020,18531.0,-139.0,14729.0,33120.0,2020,18392.0,981.0,18.889908256880734
274,BANKBARODA,Mar 2021,-887.0,-471.0,-986.0,-2344.0,2021,-1358.0,1620.0,-0.5475308641975308
275,BANKBARODA,Mar 2022,6210.0,-3645.0,-998.0,1567.0,2022,2565.0,7933.0,0.7828060002521114
276,BANKBARODA,Mar 2023,-21354.0,-1096.0,-5405.0,-27855.0,2023,-22450.0,15005.0,-1.423125624791736
277,BANKBARODA,Mar 2024,-6274.0,-1285.0,5476.0,-2084.0,2024,-7559.0,18869.0,-0.3325030473263024
278,BEL,Mar 2013,-1539.0,1753.0,-158.0,56.0,2013,214.0,911.0,-1.6893523600439078
279,BEL,Mar 2014,-569.0,759.0,-213.0,-23.0,2014,190.0,952.0,-0.5976890756302521
280,BEL,Mar 2015,1434.0,-839.0,-209.0,386.0,2015,595.0,1197.0,1.1979949874686717
281,BEL,Mar 2016,2260.0,-1470.0,-318.0,472.0,2016,790.0,1337.0,1.6903515332834704
282,BEL,Mar 2017,-61.0,3115.0,-2857.0,197.0,2017,3054.0,1523.0,-0.04005252790544977
283,BEL,Mar 2018,-687.0,-6.0,-1202.0,-1895.0,2018,-693.0,1431.0,-0.480083857442348
284,BEL,Mar 2019,1514.0,-896.0,-663.0,-45.0,2019,618.0,1887.0,0.8023317435082141
285,BEL,Mar 2020,2570.0,-649.0,-1061.0,861.0,2020,1921.0,1825.0,1.4082191780821918
286,BEL,Mar 2021,5093.0,-2595.0,-1076.0,1422.0,2021,2498.0,2100.0,2.4252380952380954
287,BEL,Mar 2022,4207.0,-4872.0,-1078.0,-1742.0,2022,-665.0,2400.0,1.7529166666666667
288,BEL,Mar 2023,1199.0,2708.0,-1262.0,2645.0,2023,3907.0,2986.0,0.4015405224380442
289,BEL,Mar 2024,4659.0,-5924.0,-1475.0,-2739.0,2024,-1265.0,3985.0,1.1691342534504392
290,BHARTIARTL,Mar 2013,22608.0,-18676.0,-4566.0,-634.0,2013,3932.0,2267.0,9.972651080723423
291,BHARTIARTL,Mar 2014,26233.0,-25181.0,2774.0,3826.0,2014,1052.0,3019.0,8.689301093077178
292,BHARTIARTL,Mar 2015,28059.0,-22301.0,-9672.0,-3914.0,2015,5758.0,5048.0,5.558438985736926
293,BHARTIARTL,Mar 2016,27942.0,-14091.0,-11946.0,1905.0,2016,13851.0,6893.0,4.053677643986653
294,BHARTIARTL,Mar 2017,28280.0,-30680.0,-351.0,-2752.0,2017,-2400.0,4241.0,6.668238622966282
295,BHARTIARTL,Mar 2018,29854.0,-27940.0,1920.0,3835.0,2018,1914.0,2184.0,13.66941391941392
296,BHARTIARTL,Mar 2019,20070.0,-28286.0,9464.0,1248.0,2019,-8216.0,1688.0,11.889810426540285
297,BHARTIARTL,Mar 2020,18129.0,-29598.0,19144.0,7675.0,2020,-11469.0,-30664.0,-0.5912144534307331
298,BHARTIARTL,Mar 2021,48205.0,-27286.0,-24910.0,-3991.0,2021,20919.0,-12364.0,-3.8988191523778712
299,BHARTIARTL,Mar 2022,55017.0,-41478.0,-15203.0,-1664.0,2022,13539.0,8305.0,6.624563515954245
300,BHARTIARTL,Mar 2023,65325.0,-39232.0,-24470.0,1623.0,2023,26093.0,12287.0,5.31659477496541
301,BHARTIARTL,Mar 2024,78898.0,-51089.0,-27778.0,31.0,2024,27809.0,8558.0,9.219210095816779
302,BHEL,Mar 2013,1759.0,-1113.0,472.0,1118.0,2013,646.0,6693.0,0.26281189302256086
303,BHEL,Mar 2014,4512.0,-868.0,523.0,4167.0,2014,3644.0,3502.0,1.2884066247858366
304,BHEL,Mar 2015,821.0,650.0,-3543.0,-2071.0,2015,1471.0,1450.0,0.5662068965517242
305,BHEL,Mar 2016,374.0,23.0,-122.0,275.0,2016,397.0,-706.0,-0.5297450424929179
306,BHEL,Mar 2017,560.0,-565.0,-468.0,-473.0,2017,-5.0,455.0,1.2307692307692308
307,BHEL,Mar 2018,989.0,961.0,-667.0,1283.0,2018,1950.0,438.0,2.2579908675799087
308,BHEL,Mar 2019,-3860.0,1919.0,-32.0,-1973.0,2019,-1941.0,1002.0,-3.852295409181637
309,BHEL,Mar 2020,-2892.0,1877.0,1622.0,608.0,2020,-1015.0,-1468.0,1.9700272479564032
310,BHEL,Mar 2021,560.0,-42.0,-394.0,123.0,2021,518.0,-2700.0,-0.2074074074074074
311,BHEL,Mar 2022,660.0,-1118.0,-329.0,-787.0,2022,-458.0,445.0,1.4831460674157304
312,BHEL,Mar 2023,-741.0,1480.0,89.0,829.0,2023,739.0,654.0,-1.1330275229357798
313,BHEL,Mar 2024,-3713.0,1331.0,2656.0,274.0,2024,-2382.0,282.0,-13.166666666666666
314,BOSCHLTD,Dec 2012,871.0,-824.0,-156.0,-108.0,2012,47.0,958.0,0.9091858037578288
315,BOSCHLTD,Dec 2013,1057.0,-846.0,-238.0,-27.0,2013,211.0,885.0,1.1943502824858756
316,BOSCHLTD,Mar 2015,1396.0,-1183.0,-237.0,-24.0,2015,213.0,1338.0,1.0433482810164425
317,BOSCHLTD,Mar 2016,1318.0,-995.0,-356.0,-33.0,2016,323.0,1531.0,0.8608752449379491
318,BOSCHLTD,Mar 2017,1457.0,1246.0,-2670.0,33.0,2017,2703.0,1741.0,0.8368753589890867
319,BOSCHLTD,Mar 2018,1729.0,-1170.0,-325.0,234.0,2018,559.0,1371.0,1.261123267687819
320,BOSCHLTD,Mar 2019,593.0,1766.0,-2531.0,-172.0,2019,2359.0,1598.0,0.3710888610763454
321,BOSCHLTD,Mar 2020,1336.0,-873.0,-399.0,64.0,2020,463.0,650.0,2.0553846153846154
322,BOSCHLTD,Mar 2021,835.0,-463.0,-338.0,34.0,2021,372.0,482.0,1.7323651452282158
323,BOSCHLTD,Mar 2022,271.0,-33.0,-383.0,-146.0,2022,238.0,1217.0,0.22267871815940837
324,BOSCHLTD,Mar 2023,1214.0,262.0,-1239.0,236.0,2023,1476.0,1424.0,0.8525280898876404
325,BOSCHLTD,Mar 2024,1253.0,283.0,-1452.0,84.0,2024,1536.0,2490.0,0.5032128514056224
326,BPCL,Mar 2013,5926.0,-3604.0,-846.0,1476.0,2013,2322.0,1936.0,3.0609504132231407
327,BPCL,Mar 2014,9588.0,-6881.0,-3736.0,-1029.0,2014,2707.0,4053.0,2.3656550703182826
328,BPCL,Mar 2015,20742.0,-10536.0,-9792.0,414.0,2015,10206.0,5082.0,4.0814639905549
329,BPCL,Mar 2016,11119.0,-9233.0,-1332.0,555.0,2016,1886.0,8089.0,1.3745827667202373
330,BPCL,Mar 2017,9041.0,-15274.0,4804.0,-1429.0,2017,-6233.0,9507.0,0.9509834858525297
331,BPCL,Mar 2018,11068.0,-7066.0,-4218.0,-215.0,2018,4002.0,9792.0,1.1303104575163399
332,BPCL,Mar 2019,10157.0,-10451.0,207.0,-87.0,2019,-294.0,8528.0,1.1910178236397748
333,BPCL,Mar 2020,7881.0,-11135.0,3583.0,329.0,2020,-3254.0,3666.0,2.1497545008183305
334,BPCL,Mar 2021,23455.0,-2474.0,-13981.0,7000.0,2021,20981.0,17320.0,1.3542147806004619
335,BPCL,Mar 2022,20336.0,-8138.0,-17672.0,-5474.0,2022,12198.0,11682.0,1.7407978085944187
336,BPCL,Mar 2023,12466.0,-7806.0,-4402.0,257.0,2023,4660.0,2131.0,5.849835757860159
337,BPCL,Mar 2024,35936.0,-10521.0,-25427.0,-12.0,2024,25415.0,26859.0,1.3379500353698945
338,BRITANNIA,Mar 2013,320.0,28.0,-378.0,-30.0,2013,348.0,260.0,1.2307692307692308
339,BRITANNIA,Mar 2014,671.0,-246.0,-357.0,68.0,2014,425.0,395.0,1.6987341772151898
340,BRITANNIA,Mar 2015,584.0,-450.0,-181.0,-47.0,2015,134.0,689.0,0.8476052249637155
341,BRITANNIA,Mar 2016,959.0,-705.0,-246.0,8.0,2016,254.0,825.0,1.1624242424242424
342,BRITANNIA,Mar 2017,441.0,-150.0,-295.0,-4.0,2017,291.0,885.0,0.49830508474576274
343,BRITANNIA,Mar 2018,1249.0,-957.0,-232.0,60.0,2018,292.0,1004.0,1.2440239043824701
344,BRITANNIA,Mar 2019,1156.0,-852.0,-353.0,-49.0,2019,304.0,1155.0,1.000865800865801
345,BRITANNIA,Mar 2020,1485.0,-1526.0,58.0,17.0,2020,-41.0,1394.0,1.0652797704447632
346,BRITANNIA,Mar 2021,1876.0,433.0,-2242.0,66.0,2021,2309.0,1851.0,1.0135062128579146
347,BRITANNIA,Mar 2022,1300.0,914.0,-2246.0,-32.0,2022,2214.0,1516.0,0.8575197889182058
348,BRITANNIA,Mar 2023,2526.0,-1507.0,-1028.0,-9.0,2023,1019.0,2316.0,1.0906735751295338
349,BRITANNIA,Mar 2024,2573.0,477.0,-2830.0,219.0,2024,3050.0,2134.0,1.2057169634489222
350,CANBK,Mar 2013,8010.0,-435.0,-1043.0,6532.0,2013,7575.0,2995.0,2.674457429048414
351,CANBK,Mar 2014,14244.0,-380.0,-3771.0,10092.0,2014,13864.0,2672.0,5.330838323353293
352,CANBK,Mar 2015,6344.0,-1104.0,-1464.0,3776.0,2015,5240.0,2931.0,2.1644489935175706
353,CANBK,Mar 2016,9346.0,-443.0,-806.0,8096.0,2016,8903.0,-2535.0,-3.686785009861933
354,CANBK,Mar 2017,2575.0,-476.0,124.0,2224.0,2017,2099.0,1411.0,1.824946846208363
355,CANBK,Mar 2018,-11120.0,-487.0,2865.0,-8743.0,2018,-11607.0,-3873.0,2.871159308029951
356,CANBK,Mar 2019,18237.0,-745.0,-1185.0,16307.0,2019,17492.0,696.0,26.20258620689655
357,CANBK,Mar 2020,-5289.0,-445.0,7792.0,2059.0,2020,-5734.0,-1921.0,2.7532535137948986
358,CANBK,Mar 2021,59118.0,-1116.0,290.0,58291.0,2021,58002.0,2957.0,19.99256002705445
359,CANBK,Mar 2022,919.0,-1429.0,4035.0,3525.0,2022,-510.0,6158.0,0.14923676518350112
360,CANBK,Mar 2023,-39978.0,-1156.0,445.0,-40689.0,2023,-41134.0,11345.0,-3.523843102688409
361,CANBK,Mar 2024,15046.0,-1750.0,-3834.0,9462.0,2024,13296.0,15401.0,0.9769495487306019
362,CHOLAFIN,Mar 2013,-3754.0,5.0,4067.0,317.0,2013,-3749.0,308.0,-12.188311688311689
363,CHOLAFIN,Mar 2014,-2447.0,-83.0,2749.0,219.0,2014,-2530.0,368.0,-6.649456521739131
364,CHOLAFIN,Mar 2015,-2264.0,-40.0,1819.0,-485.0,2015,-2304.0,444.0,-5.099099099099099
365,CHOLAFIN,Mar 2016,-2809.0,-137.0,3031.0,85.0,2016,-2946.0,575.0,-4.885217391304348
366,CHOLAFIN,Mar 2017,-1468.0,-222.0,1692.0,2.0,2017,-1690.0,718.0,-2.0445682451253484
367,CHOLAFIN,Mar 2018,-7926.0,-60.0,8009.0,22.0,2018,-7986.0,918.0,-8.633986928104575
368,CHOLAFIN,Mar 2019,-9317.0,-11.0,12191.0,2862.0,2019,-9328.0,1197.0,-7.783625730994152
369,CHOLAFIN,Mar 2020,-2075.0,-54.0,2452.0,323.0,2020,-2129.0,1054.0,-1.9686907020872866
370,CHOLAFIN,Mar 2021,-8848.0,-1746.0,8707.0,-1888.0,2021,-10594.0,1521.0,-5.817225509533202
371,CHOLAFIN,Mar 2022,-5571.0,1640.0,5150.0,1218.0,2022,-3931.0,2154.0,-2.586350974930362
372,CHOLAFIN,Mar 2023,-27105.0,-2148.0,27466.0,-1787.0,2023,-29253.0,2665.0,-10.170731707317072
373,CHOLAFIN,Mar 2024,-35683.0,-2855.0,38471.0,-66.0,2024,-38538.0,3420.0,-10.433625730994152
374,CIPLA,Mar 2013,1398.0,-2063.0,718.0,53.0,2013,-665.0,1545.0,0.9048543689320389
375,CIPLA,Mar 2014,1563.0,-1265.0,-266.0,33.0,2014,298.0,1404.0,1.1132478632478633
376,CIPLA,Mar 2015,1173.0,-950.0,165.0,388.0,2015,223.0,1229.0,0.9544344995931652
377,CIPLA,Mar 2016,1741.0,-4533.0,3104.0,312.0,2016,-2792.0,1383.0,1.2588575560375994
378,CIPLA,Mar 2017,2382.0,-1304.0,-1326.0,-248.0,2017,1078.0,1035.0,2.301449275362319
379,CIPLA,Mar 2018,1463.0,-834.0,-385.0,243.0,2018,629.0,1417.0,1.0324629498941424
380,CIPLA,Mar 2019,1691.0,-1688.0,-349.0,-345.0,2019,3.0,1492.0,1.133378016085791
381,CIPLA,Mar 2020,3068.0,114.0,-2949.0,234.0,2020,3182.0,1500.0,2.0453333333333332
382,CIPLA,Mar 2021,3755.0,-2374.0,-1240.0,141.0,2021,1381.0,2389.0,1.571787358727501
383,CIPLA,Mar 2022,3326.0,-1858.0,-1600.0,-132.0,2022,1468.0,2547.0,1.3058500196309384
384,CIPLA,Mar 2023,3238.0,-2376.0,-958.0,-97.0,2023,862.0,2833.0,1.1429579950582422
385,CIPLA,Mar 2024,4134.0,-2982.0,-1200.0,-49.0,2024,1152.0,4154.0,0.9951853635050554
386,COALINDIA,Mar 2013,9109.0,-1833.0,-7852.0,-575.0,2013,7276.0,17356.0,0.5248329108089421
387,COALINDIA,Mar 2014,14525.0,8580.0,-25350.0,-2246.0,2014,23105.0,15112.0,0.9611566966649021
388,COALINDIA,Mar 2015,14382.0,894.0,-15026.0,250.0,2015,15276.0,13727.0,1.0477161797916514
389,COALINDIA,Mar 2016,13154.0,8154.0,-19587.0,1721.0,2016,21308.0,14267.0,0.9219878040232705
390,COALINDIA,Mar 2017,16461.0,455.0,-17598.0,-682.0,2017,16916.0,9280.0,1.7738146551724139
391,COALINDIA,Mar 2018,21115.0,-7747.0,-13564.0,-196.0,2018,13368.0,7038.0,3.000142085819835
392,COALINDIA,Mar 2019,16356.0,-7896.0,-10885.0,-2426.0,2019,8460.0,17464.0,0.9365551992670637
393,COALINDIA,Mar 2020,4977.0,1033.0,-4791.0,1219.0,2020,6010.0,16700.0,0.2980239520958084
394,COALINDIA,Mar 2021,10592.0,182.0,-8453.0,2321.0,2021,10774.0,12702.0,0.8338844276491891
395,COALINDIA,Mar 2022,41107.0,-25715.0,-13441.0,1951.0,2022,15392.0,17378.0,2.365462078490045
396,COALINDIA,Mar 2023,35734.0,-23465.0,-13704.0,-1436.0,2023,12269.0,31723.0,1.1264382309365444
397,COALINDIA,Mar 2024,18103.0,-4486.0,-13899.0,-282.0,2024,13617.0,37369.0,0.48443897348069254
398,DABUR,Mar 2013,870.0,-622.0,-234.0,13.0,2013,248.0,766.0,1.1357702349869452
399,DABUR,Mar 2014,1098.0,-104.0,-804.0,190.0,2014,994.0,916.0,1.1986899563318778
400,DABUR,Mar 2015,1047.0,-876.0,-417.0,-245.0,2015,171.0,1068.0,0.9803370786516854
401,DABUR,Mar 2016,1187.0,-730.0,-374.0,82.0,2016,457.0,1254.0,0.9465709728867624
402,DABUR,Mar 2017,1227.0,-807.0,-339.0,81.0,2017,420.0,1280.0,0.95859375
403,DABUR,Mar 2018,1092.0,-541.0,-577.0,-27.0,2018,551.0,1358.0,0.8041237113402062
404,DABUR,Mar 2019,1499.0,338.0,-1888.0,-51.0,2019,1837.0,1446.0,1.0366528354080222
405,DABUR,Mar 2020,1614.0,-517.0,-1043.0,54.0,2020,1097.0,1448.0,1.1146408839779005
406,DABUR,Mar 2021,2115.0,-1404.0,-613.0,97.0,2021,711.0,1695.0,1.247787610619469
407,DABUR,Mar 2022,1802.0,-1273.0,-490.0,38.0,2022,529.0,1742.0,1.034443168771527
408,DABUR,Mar 2023,1488.0,-583.0,-1035.0,-130.0,2023,905.0,1701.0,0.8747795414462081
409,DABUR,Mar 2024,2013.0,-971.0,-1161.0,-119.0,2024,1042.0,1811.0,1.1115405853119824
410,DIVISLAB,Mar 2013,480.0,-255.0,-231.0,-5.0,2013,225.0,602.0,0.7973421926910299
411,DIVISLAB,Mar 2014,557.0,-305.0,-248.0,3.0,2014,252.0,773.0,0.720569210866753
412,DIVISLAB,Mar 2015,826.0,-521.0,-303.0,3.0,2015,305.0,852.0,0.9694835680751174
413,DIVISLAB,Mar 2016,1038.0,-406.0,-631.0,0.0,2016,632.0,1126.0,0.9218472468916519
414,DIVISLAB,Mar 2017,1150.0,-1140.0,2.0,13.0,2017,10.0,1060.0,1.0849056603773586
415,DIVISLAB,Mar 2018,776.0,-478.0,-314.0,-17.0,2018,298.0,877.0,0.8848346636259977
416,DIVISLAB,Mar 2019,954.0,-685.0,-246.0,23.0,2019,269.0,1353.0,0.70509977827051
417,DIVISLAB,Mar 2020,1216.0,-83.0,-1091.0,41.0,2020,1133.0,1377.0,0.8830791575889615
418,DIVISLAB,Mar 2021,1947.0,75.0,-35.0,1987.0,2021,2022.0,1984.0,0.9813508064516129
419,DIVISLAB,Mar 2022,1912.0,-2195.0,-532.0,-816.0,2022,-283.0,2960.0,0.6459459459459459
420,DIVISLAB,Mar 2023,2459.0,-2707.0,-797.0,-1045.0,2023,-248.0,1824.0,1.3481359649122806
421,DIVISLAB,Mar 2024,1261.0,-269.0,-799.0,193.0,2024,992.0,1600.0,0.788125
422,DLF,Mar 2013,2009.0,1995.0,-3951.0,52.0,2013,4004.0,667.0,3.0119940029985006
423,DLF,Mar 2014,1468.0,3924.0,-4532.0,860.0,2014,5392.0,590.0,2.488135593220339
424,DLF,Mar 2015,2037.0,98.0,-1547.0,588.0,2015,2135.0,507.0,4.017751479289941
425,DLF,Mar 2016,2957.0,-818.0,-1929.0,210.0,2016,2139.0,305.0,9.695081967213115
426,DLF,Mar 2017,-898.0,872.0,787.0,761.0,2017,-26.0,708.0,-1.268361581920904
427,DLF,Mar 2018,270.0,-2102.0,-232.0,-2064.0,2018,-1832.0,4477.0,0.060308242126423946
428,DLF,Mar 2019,2043.0,3.0,875.0,2921.0,2019,2046.0,1314.0,1.5547945205479452
429,DLF,Mar 2020,356.0,6508.0,-9522.0,-2658.0,2020,6864.0,-590.0,-0.6033898305084746
430,DLF,Mar 2021,1460.0,150.0,-2184.0,-573.0,2021,1610.0,1083.0,1.348107109879963
431,DLF,Mar 2022,2832.0,267.0,-3828.0,-729.0,2022,3099.0,1500.0,1.888
432,DLF,Mar 2023,2375.0,-461.0,-2013.0,-98.0,2023,1914.0,2034.0,1.1676499508357916
433,DLF,Mar 2024,2539.0,-1529.0,177.0,1186.0,2024,1010.0,2724.0,0.9320851688693098
434,DMART,Mar 2013,127.0,-231.0,118.0,14.0,2013,-104.0,94.0,1.351063829787234
435,DMART,Mar 2014,198.0,-270.0,65.0,-7.0,2014,-72.0,161.0,1.2298136645962734
436,DMART,Mar 2015,222.0,-474.0,234.0,-17.0,2015,-252.0,212.0,1.0471698113207548
437,DMART,Mar 2016,433.0,-633.0,196.0,-3.0,2016,-200.0,320.0,1.353125
438,DMART,Mar 2017,455.0,-2482.0,2025.0,-1.0,2017,-2027.0,479.0,0.9498956158663883
439,DMART,Mar 2018,730.0,464.0,-1159.0,34.0,2018,1194.0,806.0,0.9057071960297767
440,DMART,Mar 2019,807.0,-958.0,209.0,57.0,2019,-151.0,902.0,0.8946784922394678
441,DMART,Mar 2020,1280.0,-4657.0,3357.0,-19.0,2020,-3377.0,1301.0,0.9838585703305149
442,DMART,Mar 2021,1375.0,-1110.0,-180.0,86.0,2021,265.0,1099.0,1.2511373976342128
443,DMART,Mar 2022,1372.0,-1289.0,-179.0,-96.0,2022,83.0,1492.0,0.9195710455764075
444,DMART,Mar 2023,2630.0,-2313.0,-205.0,112.0,2023,317.0,2378.0,1.1059714045416316
445,DMART,Mar 2024,2746.0,-2468.0,-148.0,130.0,2024,278.0,2536.0,1.082807570977918
446,DRREDDY,Mar 2013,1378.0,-1437.0,-157.0,-216.0,2013,-59.0,1527.0,0.9024230517354289
447,DRREDDY,Mar 2014,1970.0,-1604.0,-24.0,342.0,2014,366.0,1963.0,1.0035659704533877
448,DRREDDY,Mar 2015,2524.0,-2370.0,-433.0,-280.0,2015,154.0,2336.0,1.0804794520547945
449,DRREDDY,Mar 2016,3263.0,-1610.0,-1700.0,-47.0,2016,1653.0,2131.0,1.5312060065696855
450,DRREDDY,Mar 2017,2144.0,-1890.0,-369.0,-114.0,2017,254.0,1292.0,1.6594427244582044
451,DRREDDY,Mar 2018,1803.0,-1483.0,-444.0,-124.0,2018,320.0,947.0,1.903907074973601
452,DRREDDY,Mar 2019,2870.0,-769.0,-2133.0,-31.0,2019,2101.0,1950.0,1.471794871794872
453,DRREDDY,Mar 2020,2984.0,-495.0,-2516.0,-27.0,2020,2489.0,2026.0,1.472852912142152
454,DRREDDY,Mar 2021,3570.0,-2255.0,-30.0,1286.0,2021,1315.0,1952.0,1.8288934426229508
455,DRREDDY,Mar 2022,2811.0,-2565.0,-242.0,3.0,2022,246.0,2182.0,1.2882676443629697
456,DRREDDY,Mar 2023,5888.0,-4109.0,-2686.0,-907.0,2023,1779.0,4507.0,1.3064122476148214
457,DRREDDY,Mar 2024,4543.0,-4034.0,-376.0,133.0,2024,509.0,5578.0,0.8144496235209753
458,EICHERMOT,Dec 2012,496.0,-773.0,-111.0,-388.0,2012,-277.0,475.0,1.0442105263157895
459,EICHERMOT,Dec 2013,716.0,-790.0,-47.0,-121.0,2013,-74.0,525.0,1.3638095238095238
460,EICHERMOT,Dec 2014,1047.0,-1214.0,-162.0,-329.0,2014,-167.0,702.0,1.4914529914529915
461,EICHERMOT,Mar 2016,1463.0,-1001.0,-466.0,-4.0,2016,462.0,1338.0,1.093423019431988
462,EICHERMOT,Mar 2017,1708.0,-1744.0,25.0,-10.0,2017,-36.0,1667.0,1.0245950809838031
463,EICHERMOT,Mar 2018,2482.0,-2145.0,-262.0,75.0,2018,337.0,1960.0,1.2663265306122449
464,EICHERMOT,Mar 2019,1575.0,-660.0,-292.0,623.0,2019,915.0,2203.0,0.7149341806627326
465,EICHERMOT,Mar 2020,1694.0,-1508.0,-858.0,-673.0,2020,186.0,1827.0,0.9272030651340997
466,EICHERMOT,Mar 2021,1691.0,-1625.0,-15.0,51.0,2021,66.0,1347.0,1.2553823311061618
467,EICHERMOT,Mar 2022,1527.0,-983.0,-593.0,-50.0,2022,544.0,1677.0,0.9105545617173524
468,EICHERMOT,Mar 2023,2823.0,-2397.0,-417.0,8.0,2023,426.0,2914.0,0.9687714481811942
469,EICHERMOT,Mar 2024,3724.0,-2834.0,-844.0,45.0,2024,890.0,4001.0,0.9307673081729567
470,GAIL,Mar 2013,6603.0,-8626.0,3642.0,1618.0,2013,-2023.0,4367.0,1.5120219830547286
471,GAIL,Mar 2014,4615.0,-4466.0,-3.0,146.0,2014,149.0,4786.0,0.9642707898035938
472,GAIL,Mar 2015,4214.0,-2809.0,-3058.0,-1653.0,2015,1405.0,3160.0,1.3335443037974684
473,GAIL,Mar 2016,3960.0,-904.0,-3028.0,29.0,2016,3056.0,1874.0,2.113127001067236
474,GAIL,Mar 2017,6024.0,-334.0,-5275.0,415.0,2017,5690.0,3374.0,1.7854179016004743
475,GAIL,Mar 2018,8769.0,-2660.0,-5252.0,858.0,2018,6109.0,4805.0,1.8249739854318419
476,GAIL,Mar 2019,7984.0,-5701.0,-3364.0,-1081.0,2019,2283.0,6553.0,1.2183732641538227
477,GAIL,Mar 2020,8345.0,-8299.0,281.0,328.0,2020,46.0,9515.0,0.8770362585391487
478,GAIL,Mar 2021,8993.0,-4640.0,-3471.0,882.0,2021,4353.0,6143.0,1.463942699007
479,GAIL,Mar 2022,9420.0,-5490.0,-3917.0,13.0,2022,3930.0,12304.0,0.7656046814044213
480,GAIL,Mar 2023,3205.0,-7453.0,2972.0,-1276.0,2023,-4248.0,5596.0,0.5727305218012866
481,GAIL,Mar 2024,12586.0,-8226.0,-3457.0,902.0,2024,4360.0,9903.0,1.270928001615672
482,GODREJCP,Mar 2013,820.0,-865.0,282.0,237.0,2013,-45.0,845.0,0.9704142011834319
483,GODREJCP,Mar 2014,1116.0,-494.0,-620.0,1.0,2014,622.0,819.0,1.3626373626373627
484,GODREJCP,Mar 2015,1027.0,-1236.0,-12.0,-221.0,2015,-209.0,976.0,1.0522540983606556
485,GODREJCP,Mar 2016,847.0,-622.0,-202.0,23.0,2016,225.0,831.0,1.0192539109506618
486,GODREJCP,Mar 2017,1860.0,-2243.0,665.0,282.0,2017,-383.0,1308.0,1.4220183486238531
487,GODREJCP,Mar 2018,1723.0,-336.0,-1384.0,3.0,2018,1387.0,1634.0,1.0544675642594858
488,GODREJCP,Mar 2019,1729.0,274.0,-2039.0,-36.0,2019,2003.0,2342.0,0.7382578992314262
489,GODREJCP,Mar 2020,1588.0,-552.0,-1295.0,-259.0,2020,1036.0,1497.0,1.0607882431529727
490,GODREJCP,Mar 2021,2030.0,-292.0,-1816.0,-79.0,2021,1738.0,1721.0,1.179546775130738
491,GODREJCP,Mar 2022,1451.0,-844.0,-380.0,227.0,2022,607.0,1783.0,0.8137969713965227
492,GODREJCP,Mar 2023,2151.0,-1754.0,-794.0,-398.0,2023,397.0,1702.0,1.263807285546416
493,GODREJCP,Mar 2024,2070.0,-3435.0,1406.0,41.0,2024,-1365.0,-561.0,-3.6898395721925135
494,GRASIM,Mar 2013,4242.0,-5687.0,1348.0,-97.0,2013,-1445.0,3778.0,1.1228163049232398
495,GRASIM,Mar 2014,3549.0,-2336.0,-1046.0,168.0,2014,1213.0,2954.0,1.2014218009478672
496,GRASIM,Mar 2015,4594.0,-2359.0,-2278.0,-42.0,2015,2235.0,2582.0,1.7792408985282726
497,GRASIM,Mar 2016,5868.0,-4515.0,-1365.0,-11.0,2016,1353.0,3455.0,1.6984081041968162
498,GRASIM,Mar 2017,7288.0,-3509.0,-3799.0,-20.0,2017,3779.0,4246.0,1.7164390014130946
499,GRASIM,Mar 2018,-4140.0,1546.0,3449.0,856.0,2018,-2594.0,3688.0,-1.1225596529284165
500,GRASIM,Mar 2019,-1659.0,-2212.0,4158.0,287.0,2019,-3871.0,2745.0,-0.6043715846994535
501,GRASIM,Mar 2020,16620.0,-11364.0,-3418.0,1838.0,2020,5256.0,6639.0,2.5033890646181653
502,GRASIM,Mar 2021,15075.0,-7146.0,-8003.0,-75.0,2021,7929.0,6987.0,2.157578359811078
503,GRASIM,Mar 2022,7038.0,-1053.0,-6733.0,-748.0,2022,5985.0,11206.0,0.6280563983580225
504,GRASIM,Mar 2023,-12685.0,-13712.0,26469.0,72.0,2023,-26397.0,11078.0,-1.1450622856111212
505,GRASIM,Mar 2024,-10719.0,-23114.0,33908.0,75.0,2024,-33833.0,9926.0,-1.0798911948418295
506,HAL,Mar 2017,-423.0,3021.0,-164.0,2433.0,2017,2598.0,2616.0,-0.16169724770642202
507,HAL,Mar 2018,-734.0,594.0,-2540.0,-2680.0,2018,-140.0,1987.0,-0.36940110719677904
508,HAL,Mar 2019,-7694.0,5292.0,2321.0,-80.0,2019,-2402.0,2346.0,-3.279624893435635
509,HAL,Mar 2020,1537.0,-1334.0,64.0,266.0,2020,203.0,2842.0,0.5408163265306123
510,HAL,Mar 2021,15124.0,-1190.0,-7070.0,6864.0,2021,13934.0,3239.0,4.669342389626428
511,HAL,Mar 2022,10180.0,-12789.0,-1464.0,-4072.0,2022,-2609.0,5086.0,2.0015729453401496
512,HAL,Mar 2023,8836.0,-5734.0,-1731.0,1370.0,2023,3102.0,5811.0,1.5205644467389434
513,HAL,Mar 2024,8226.0,-6412.0,-1999.0,-185.0,2024,1814.0,7595.0,1.0830809743252139
514,HAVELLS,Mar 2013,638.0,-144.0,-252.0,242.0,2013,494.0,581.0,1.0981067125645438
515,HAVELLS,Mar 2014,868.0,-376.0,-310.0,183.0,2014,492.0,446.0,1.946188340807175
516,HAVELLS,Mar 2015,963.0,-485.0,-754.0,-277.0,2015,478.0,385.0,2.501298701298701
517,HAVELLS,Mar 2016,513.0,-121.0,-621.0,-229.0,2016,392.0,1300.0,0.3946153846153846
518,HAVELLS,Mar 2017,767.0,-220.0,-98.0,450.0,2017,547.0,494.0,1.5526315789473684
519,HAVELLS,Mar 2018,1100.0,-946.0,-409.0,-255.0,2018,154.0,661.0,1.6641452344931922
520,HAVELLS,Mar 2019,501.0,185.0,-318.0,368.0,2019,686.0,788.0,0.6357868020304569
521,HAVELLS,Mar 2020,827.0,-548.0,-716.0,-437.0,2020,279.0,735.0,1.125170068027211
522,HAVELLS,Mar 2021,660.0,-763.0,190.0,87.0,2021,-103.0,1044.0,0.632183908045977
523,HAVELLS,Mar 2022,1728.0,-759.0,-547.0,421.0,2022,969.0,1196.0,1.4448160535117056
524,HAVELLS,Mar 2023,565.0,31.0,-907.0,-311.0,2023,596.0,1072.0,0.5270522388059702
525,HAVELLS,Mar 2024,1953.0,-1618.0,-534.0,-199.0,2024,335.0,1271.0,1.5365853658536586
526,HCLTECH,Jun 2013,4492.0,-2361.0,-2086.0,44.0,2013,2131.0,4040.0,1.111881188118812
527,HCLTECH,Jun 2014,6457.0,-4842.0,-1308.0,307.0,2014,1615.0,6528.0,0.9891237745098039
528,HCLTECH,Jun 2015,5539.0,-2088.0,-3140.0,311.0,2015,3451.0,7342.0,0.7544265867611005
529,HCLTECH,Mar 2016,3823.0,-2208.0,-2237.0,-623.0,2016,1615.0,5602.0,0.682434844698322
530,HCLTECH,Mar 2017,8995.0,-3890.0,-4517.0,588.0,2017,5105.0,8606.0,1.0452010225424122
531,HCLTECH,Mar 2018,8328.0,-2236.0,-5714.0,378.0,2018,6092.0,8722.0,0.9548268745700528
532,HCLTECH,Mar 2019,8971.0,-3256.0,-1471.0,4244.0,2019,5715.0,10120.0,0.8864624505928854
533,HCLTECH,Mar 2020,13359.0,-12332.0,-3168.0,-2141.0,2020,1027.0,11057.0,1.2081939043140093
534,HCLTECH,Mar 2021,19618.0,-5665.0,-11192.0,2761.0,2021,13953.0,11169.0,1.756468797564688
535,HCLTECH,Mar 2022,16900.0,1597.0,-14508.0,3989.0,2022,18497.0,13523.0,1.2497226946683428
536,HCLTECH,Mar 2023,18009.0,-3573.0,-15881.0,-1445.0,2023,14436.0,14845.0,1.2131357359380264
537,HCLTECH,Mar 2024,22448.0,-6608.0,-15464.0,376.0,2024,15840.0,15710.0,1.428898790579249
538,HDFCBANK,Mar 2013,-5847.0,-902.0,13105.0,6356.0,2013,-6749.0,6903.0,-0.8470230334637114
539,HDFCBANK,Mar 2014,4211.0,-1099.0,9270.0,12382.0,2014,3112.0,8768.0,0.4802691605839416
540,HDFCBANK,Mar 2015,-21281.0,-800.0,18694.0,-3387.0,2015,-22081.0,10703.0,-1.9883210314864992
541,HDFCBANK,Mar 2016,-34435.0,-837.0,37815.0,2542.0,2016,-35272.0,12821.0,-2.6858279385383357
542,HDFCBANK,Mar 2017,17282.0,-1146.0,-5893.0,10242.0,2017,16136.0,15317.0,1.128288829405236
543,HDFCBANK,Mar 2018,17214.0,-842.0,57378.0,73750.0,2018,16372.0,18561.0,0.9274284790690157
544,HDFCBANK,Mar 2019,-62872.0,-1503.0,23131.0,-41244.0,2019,-64375.0,22446.0,-2.801033591731266
545,HDFCBANK,Mar 2020,-16869.0,-1403.0,24394.0,6122.0,2020,-18272.0,27296.0,-0.6180026377491208
546,HDFCBANK,Mar 2021,42476.0,-1823.0,-7321.0,33332.0,2021,40653.0,31857.0,1.3333333333333333
547,HDFCBANK,Mar 2022,-11960.0,-2051.0,48124.0,34113.0,2022,-14011.0,38151.0,-0.3134911273623234
548,HDFCBANK,Mar 2023,20814.0,-2992.0,23941.0,41762.0,2023,17822.0,46149.0,0.45101735682246635
549,HDFCBANK,Mar 2024,19069.0,16600.0,-3983.0,31687.0,2024,35669.0,65446.0,0.2913699844146319
550,HDFCLIFE,Mar 2013,,,,,2013,,447.0,
551,HDFCLIFE,Mar 2014,,,,,2014,,725.0,
552,HDFCLIFE,Mar 2015,4459.0,-3514.0,-168.0,777.0,2015,945.0,786.0,5.673027989821883
553,HDFCLIFE,Mar 2016,5687.0,-3962.0,-212.0,1513.0,2016,1725.0,817.0,6.960832313341493
554,HDFCLIFE,Mar 2017,6230.0,-5177.0,-236.0,817.0,2017,1053.0,887.0,7.023675310033822
555,HDFCLIFE,Mar 2018,6739.0,-4421.0,-196.0,2122.0,2018,2318.0,1107.0,6.087624209575429
556,HDFCLIFE,Mar 2019,9868.0,-10182.0,-337.0,-651.0,2019,-314.0,1278.0,7.721439749608764
557,HDFCLIFE,Mar 2020,7388.0,-7789.0,38.0,-364.0,2020,-401.0,1297.0,5.696222050886662
558,HDFCLIFE,Mar 2021,9703.0,-8952.0,678.0,1429.0,2021,751.0,1361.0,7.129316678912565
559,HDFCLIFE,Mar 2022,5943.0,-801.0,-238.0,4904.0,2022,5142.0,1327.0,4.47852298417483
560,HDFCLIFE,Mar 2023,6883.0,-10071.0,1985.0,-1203.0,2023,-3188.0,1368.0,5.031432748538012
561,HDFCLIFE,Mar 2024,10721.0,-13614.0,-403.0,-3296.0,2024,-2893.0,1574.0,6.81130876747141
562,HEROMOTOCO,Mar 2014,2963.0,-1616.0,-1414.0,-66.0,2014,1347.0,2102.0,1.4096098953377736
563,HEROMOTOCO,Mar 2015,2186.0,31.0,-2131.0,86.0,2015,2217.0,2364.0,0.9247038917089678
564,HEROMOTOCO,Mar 2016,3722.0,-2300.0,-1475.0,-53.0,2016,1422.0,3112.0,1.1960154241645244
565,HEROMOTOCO,Mar 2017,4007.0,-1972.0,-2036.0,-1.0,2017,2035.0,3546.0,1.1300056401579244
566,HEROMOTOCO,Mar 2018,4017.0,-1858.0,-2102.0,57.0,2018,2159.0,3722.0,1.0792584631918323
567,HEROMOTOCO,Mar 2019,1032.0,1298.0,-2252.0,78.0,2019,2330.0,3466.0,0.2977495672244662
568,HEROMOTOCO,Mar 2020,5518.0,-2819.0,-2602.0,97.0,2020,2699.0,3659.0,1.508062312107133
569,HEROMOTOCO,Mar 2021,4110.0,-2289.0,-1852.0,-31.0,2021,1821.0,2936.0,1.3998637602179838
570,HEROMOTOCO,Mar 2022,2104.0,-222.0,-1975.0,-94.0,2022,1882.0,2329.0,0.9033920137398025
571,HEROMOTOCO,Mar 2023,2614.0,-421.0,-2147.0,45.0,2023,2193.0,2800.0,0.9335714285714286
572,HEROMOTOCO,Mar 2024,4923.0,-1828.0,-2717.0,379.0,2024,3095.0,3742.0,1.3156066274719402
573,HINDALCO,Mar 2013,2977.0,-13801.0,10278.0,-545.0,2013,-10824.0,3007.0,0.9900232790156301
574,HINDALCO,Mar 2014,7956.0,-8095.0,1493.0,1353.0,2014,-139.0,2195.0,3.624601366742597
575,HINDALCO,Mar 2015,7143.0,-3873.0,-2437.0,833.0,2015,3270.0,259.0,27.57915057915058
576,HINDALCO,Mar 2016,11688.0,-3220.0,-8862.0,-394.0,2016,8468.0,-702.0,-16.64957264957265
577,HINDALCO,Mar 2017,12687.0,-2876.0,-5552.0,4259.0,2017,9811.0,1882.0,6.741232731137088
578,HINDALCO,Mar 2018,10898.0,5333.0,-16412.0,-181.0,2018,16231.0,6083.0,1.7915502219299688
579,HINDALCO,Mar 2019,11977.0,-5456.0,-5466.0,1055.0,2019,6521.0,5495.0,2.1796178343949046
580,HINDALCO,Mar 2020,12745.0,-7227.0,6656.0,12174.0,2020,5518.0,3767.0,3.383328908946111
581,HINDALCO,Mar 2021,17232.0,-25280.0,-4882.0,-12930.0,2021,-8048.0,3483.0,4.9474590869939705
582,HINDALCO,Mar 2022,16838.0,-6773.0,-6765.0,3300.0,2022,10065.0,13730.0,1.226365622723962
583,HINDALCO,Mar 2023,19208.0,-7559.0,-10450.0,1199.0,2023,11649.0,10097.0,1.9023472318510448
584,HINDALCO,Mar 2024,24056.0,-14267.0,-10817.0,-1028.0,2024,9789.0,10155.0,2.368882323978336
585,HINDUNILVR,Mar 2013,3605.0,63.0,-4147.0,-480.0,2013,3668.0,3839.0,0.9390466267257098
586,HINDUNILVR,Mar 2014,3818.0,-475.0,-2960.0,383.0,2014,3343.0,3956.0,0.9651162790697675
587,HINDUNILVR,Mar 2015,3292.0,138.0,-3462.0,-33.0,2015,3430.0,4376.0,0.7522851919561243
588,HINDUNILVR,Mar 2016,4171.0,-282.0,-3864.0,25.0,2016,3889.0,4151.0,1.0048181161165983
589,HINDUNILVR,Mar 2017,5185.0,-1173.0,-4214.0,-202.0,2017,4012.0,4490.0,1.1547884187082404
590,HINDUNILVR,Mar 2018,6059.0,-1063.0,-4975.0,21.0,2018,4996.0,5227.0,1.1591735220968051
591,HINDUNILVR,Mar 2019,5800.0,-438.0,-5390.0,-28.0,2019,5362.0,6060.0,0.9570957095709571
592,HINDUNILVR,Mar 2020,7623.0,1791.0,-6819.0,2595.0,2020,9414.0,6756.0,1.1283303730017762
593,HINDUNILVR,Mar 2021,9163.0,-1228.0,-9309.0,-1374.0,2021,7935.0,7999.0,1.1455181897737217
594,HINDUNILVR,Mar 2022,9048.0,-1728.0,-8015.0,-695.0,2022,7320.0,8892.0,1.0175438596491229
595,HINDUNILVR,Mar 2023,9991.0,-1484.0,-8953.0,-446.0,2023,8507.0,10143.0,0.9850142955733018
596,HINDUNILVR,Mar 2024,15469.0,-5324.0,-10034.0,111.0,2024,10145.0,10282.0,1.504473837774752
597,ICICIBANK,Mar 2013,17494.0,-18563.0,9283.0,8215.0,2013,-1069.0,10130.0,1.726949654491609
598,ICICIBANK,Mar 2014,6765.0,-15750.0,7872.0,-1113.0,2014,-8985.0,11677.0,0.5793440095915047
599,ICICIBANK,Mar 2015,-12273.0,-13175.0,24827.0,-621.0,2015,-25448.0,12942.0,-0.9483078349559574
600,ICICIBANK,Mar 2016,23645.0,-12060.0,5814.0,17399.0,2016,11585.0,10927.0,2.16390592111284
601,ICICIBANK,Mar 2017,52636.0,-1711.0,-35470.0,15455.0,2017,50925.0,11340.0,4.641622574955909
602,ICICIBANK,Mar 2018,19383.0,-50551.0,39676.0,8508.0,2018,-31168.0,9100.0,2.13
603,ICICIBANK,Mar 2019,48671.0,-30282.0,-19997.0,-1608.0,2019,18389.0,5689.0,8.555282123396028
604,ICICIBANK,Mar 2020,79565.0,-42095.0,2992.0,40462.0,2020,37470.0,11225.0,7.088195991091314
605,ICICIBANK,Mar 2021,138015.0,-63631.0,-54667.0,19718.0,2021,74384.0,20364.0,6.777401296405421
606,ICICIBANK,Mar 2022,58111.0,-39448.0,17451.0,36114.0,2022,18663.0,26538.0,2.18972793729746
607,ICICIBANK,Mar 2023,-3771.0,-67689.0,24791.0,-46669.0,2023,-71460.0,35461.0,-0.10634217873156425
608,ICICIBANK,Mar 2024,157284.0,-144737.0,13765.0,26312.0,2024,12547.0,46081.0,3.4132071786636575
609,ICICIGI,Mar 2013,984.0,-962.0,102.0,124.0,2013,22.0,353.0,2.7875354107648724
610,ICICIGI,Mar 2014,595.0,-706.0,4.0,-108.0,2014,-111.0,520.0,1.1442307692307692
611,ICICIGI,Mar 2015,-98.0,171.0,-93.0,-20.0,2015,73.0,585.0,-0.1675213675213675
612,ICICIGI,Mar 2016,511.0,-310.0,-148.0,53.0,2016,201.0,507.0,1.0078895463510849
613,ICICIGI,Mar 2017,1628.0,-1990.0,361.0,-1.0,2017,-362.0,702.0,2.319088319088319
614,ICICIGI,Mar 2018,2390.0,-1896.0,-96.0,398.0,2018,494.0,862.0,2.7726218097447797
615,ICICIGI,Mar 2019,2976.0,-2856.0,-310.0,-190.0,2019,120.0,1049.0,2.8369876072449953
616,ICICIGI,Mar 2020,3433.0,-3382.0,-420.0,-369.0,2020,51.0,1194.0,2.875209380234506
617,ICICIGI,Mar 2021,1774.0,-1367.0,-212.0,195.0,2021,407.0,1473.0,1.2043448744059742
618,ICICIGI,Mar 2022,809.0,135.0,-879.0,65.0,2022,944.0,1271.0,0.6365066876475216
619,ICICIGI,Mar 2023,2290.0,-1685.0,-695.0,-90.0,2023,605.0,1729.0,1.324465008675535
620,ICICIGI,Mar 2024,2407.0,-1921.0,-355.0,131.0,2024,486.0,1919.0,1.2542991141219386
621,ICICIPRULI,Mar 2013,-2641.0,1564.0,-514.0,-1591.0,2013,-1077.0,1515.0,-1.7432343234323433
622,ICICIPRULI,Mar 2014,-2382.0,6012.0,-1091.0,2539.0,2014,3630.0,1561.0,-1.5259449071108264
623,ICICIPRULI,Mar 2015,523.0,-1822.0,-966.0,-2264.0,2015,-1299.0,1640.0,0.31890243902439025
624,ICICIPRULI,Mar 2016,3634.0,27.0,-1442.0,2219.0,2016,3661.0,1650.0,2.2024242424242426
625,ICICIPRULI,Mar 2017,4130.0,-696.0,-994.0,2439.0,2017,3434.0,1682.0,2.455410225921522
626,ICICIPRULI,Mar 2018,5690.0,-5389.0,-1188.0,-887.0,2018,301.0,1619.0,3.5145151327980235
627,ICICIPRULI,Mar 2019,11377.0,-7559.0,-843.0,2975.0,2019,3818.0,1139.0,9.988586479367866
628,ICICIPRULI,Mar 2020,8596.0,-10797.0,-405.0,-2606.0,2020,-2201.0,1067.0,8.056232427366448
629,ICICIPRULI,Mar 2021,7314.0,-5084.0,1205.0,3434.0,2021,2230.0,956.0,7.650627615062762
630,ICICIPRULI,Mar 2022,1831.0,-816.0,-319.0,696.0,2022,1015.0,759.0,2.412384716732543
631,ICICIPRULI,Mar 2023,89.0,-1145.0,-112.0,-1168.0,2023,-1056.0,813.0,0.10947109471094711
632,ICICIPRULI,Mar 2024,-7315.0,7420.0,-88.0,17.0,2024,105.0,851.0,-8.595769682726205
633,INDIGO,Mar 2013,1741.0,-1890.0,36.0,-113.0,2013,-149.0,787.0,2.2121982210927573
634,INDIGO,Mar 2014,1595.0,-2914.0,1285.0,-34.0,2014,-1319.0,474.0,3.3649789029535864
635,INDIGO,Mar 2015,2384.0,-940.0,-1308.0,136.0,2015,1444.0,1304.0,1.8282208588957056
636,INDIGO,Mar 2016,3116.0,-1337.0,-1220.0,559.0,2016,1779.0,1986.0,1.5689828801611279
637,INDIGO,Mar 2017,3782.0,-3033.0,-1401.0,-652.0,2017,749.0,1659.0,2.2796865581675707
638,INDIGO,Mar 2018,3903.0,-4152.0,766.0,518.0,2018,-249.0,2242.0,1.7408563782337199
639,INDIGO,Mar 2019,3160.0,-2526.0,-592.0,42.0,2019,634.0,156.0,20.256410256410255
640,INDIGO,Mar 2020,6943.0,-4573.0,-2407.0,-37.0,2020,2370.0,-248.0,-27.995967741935484
641,INDIGO,Mar 2021,-1620.0,3228.0,-1775.0,-168.0,2021,1608.0,-6171.0,0.2625182304326689
642,INDIGO,Mar 2022,2064.0,1527.0,-3088.0,503.0,2022,3591.0,-317.0,-6.511041009463723
643,INDIGO,Mar 2023,12703.0,-4039.0,-8432.0,232.0,2023,8664.0,-317.0,-40.072555205047315
644,INDIGO,Mar 2024,21183.0,-11759.0,-9979.0,-555.0,2024,9424.0,8167.0,2.5937308681278317
645,INDUSINDBK,Mar 2013,-486.0,-174.0,1969.0,1309.0,2013,-660.0,1061.0,-0.4580584354382658
646,INDUSINDBK,Mar 2014,-4106.0,-174.0,4200.0,-79.0,2014,-4280.0,1408.0,-2.9161931818181817
647,INDUSINDBK,Mar 2015,-1421.0,-276.0,5707.0,4010.0,2015,-1697.0,1794.0,-0.7920847268673356
648,INDUSINDBK,Mar 2016,-2927.0,-258.0,2517.0,-667.0,2016,-3185.0,2286.0,-1.2804024496937882
649,INDUSINDBK,Mar 2017,11569.0,-285.0,-2768.0,8516.0,2017,11284.0,2868.0,4.033821478382148
650,INDUSINDBK,Mar 2018,-20700.0,-217.0,15505.0,-5412.0,2018,-20917.0,3606.0,-5.740432612312812
651,INDUSINDBK,Mar 2019,-6389.0,-633.0,8590.0,1568.0,2019,-7022.0,3301.0,-1.9354740987579522
652,INDUSINDBK,Mar 2020,-12039.0,526.0,12733.0,1220.0,2020,-11513.0,4418.0,-2.724988682661838
653,INDUSINDBK,Mar 2021,44646.0,-226.0,-4096.0,40324.0,2021,44420.0,2836.0,15.7425952045134
654,INDUSINDBK,Mar 2022,16600.0,-351.0,-4302.0,11947.0,2022,16249.0,4611.0,3.600086749078291
655,INDUSINDBK,Mar 2023,-12438.0,-441.0,1115.0,-11763.0,2023,-12879.0,7390.0,-1.683085250338295
656,INDUSINDBK,Mar 2024,-16843.0,-625.0,-2242.0,-19710.0,2024,-17468.0,8950.0,-1.8818994413407821
657,INFY,Mar 2013,7373.0,-2922.0,-3210.0,1241.0,2013,4451.0,9429.0,0.781949305334606
658,INFY,Mar 2014,9825.0,-2563.0,-3144.0,4118.0,2014,7262.0,10656.0,0.9220157657657657
659,INFY,Mar 2015,8353.0,999.0,-4935.0,4417.0,2015,9352.0,12372.0,0.6751535725832525
660,INFY,Mar 2016,10028.0,-885.0,-6813.0,2330.0,2016,9143.0,13489.0,0.7434205649047372
661,INFY,Mar 2017,11531.0,-14664.0,-6939.0,-10072.0,2017,-3133.0,14353.0,0.8033860516965095
662,INFY,Mar 2018,13218.0,4533.0,-20505.0,-2754.0,2018,17751.0,16029.0,0.8246303574770728
663,INFY,Mar 2019,14841.0,-632.0,-14512.0,-303.0,2019,14209.0,15410.0,0.9630759247242051
664,INFY,Mar 2020,17003.0,-331.0,-17591.0,-919.0,2020,16672.0,16639.0,1.0218763146823728
665,INFY,Mar 2021,23224.0,-7373.0,-9786.0,6065.0,2021,15851.0,19423.0,1.195695824537919
666,INFY,Mar 2022,23885.0,-6485.0,-24642.0,-7242.0,2022,17400.0,22146.0,1.0785243384809897
667,INFY,Mar 2023,22467.0,-1071.0,-26695.0,-5299.0,2023,21396.0,24108.0,0.9319313091090095
668,INFY,Mar 2024,25210.0,-5093.0,-17504.0,2613.0,2024,20117.0,26248.0,0.9604541298384639
669,IOC,Mar 2013,9340.0,-9294.0,352.0,398.0,2013,46.0,3627.0,2.5751309622277363
670,IOC,Mar 2014,24195.0,-18594.0,-3116.0,2485.0,2014,5601.0,6967.0,3.4728003444811253
671,IOC,Mar 2015,46092.0,-10215.0,-38283.0,-2406.0,2015,35877.0,4872.0,9.460591133004925
672,IOC,Mar 2016,25624.0,-13610.0,-11890.0,124.0,2016,12014.0,12413.0,2.0642874405864817
673,IOC,Mar 2017,28216.0,-17684.0,-10937.0,-405.0,2017,10532.0,20385.0,1.3841550159430953
674,IOC,Mar 2018,29115.0,-17119.0,-12007.0,-11.0,2018,11996.0,22626.0,1.286793953858393
675,IOC,Mar 2019,12747.0,-22569.0,10436.0,614.0,2019,-9822.0,17274.0,0.7379298367488711
676,IOC,Mar 2020,7146.0,-29101.0,22456.0,502.0,2020,-21955.0,-1876.0,-3.8091684434968016
677,IOC,Mar 2021,49650.0,-22935.0,-27369.0,-653.0,2021,26715.0,21762.0,2.2814998621450235
678,IOC,Mar 2022,25747.0,-21294.0,-4058.0,395.0,2022,4453.0,25727.0,1.00077739339993
679,IOC,Mar 2023,29644.0,-28030.0,-1794.0,-180.0,2023,1614.0,11704.0,2.5328092959671906
680,IOC,Mar 2024,71099.0,-31464.0,-39385.0,250.0,2024,39635.0,43161.0,1.6472973286068442
681,IRCTC,Mar 2015,69.0,-46.0,-17.0,6.0,2015,23.0,131.0,0.5267175572519084
682,IRCTC,Mar 2016,288.0,7.0,-31.0,263.0,2016,295.0,189.0,1.5238095238095237
683,IRCTC,Mar 2017,338.0,94.0,-136.0,296.0,2017,432.0,229.0,1.4759825327510918
684,IRCTC,Mar 2018,24.0,40.0,-57.0,7.0,2018,64.0,221.0,0.1085972850678733
685,IRCTC,Mar 2019,499.0,-353.0,-179.0,-33.0,2019,146.0,309.0,1.6148867313915858
686,IRCTC,Mar 2020,409.0,8.0,-280.0,137.0,2020,417.0,513.0,0.797270955165692
687,IRCTC,Mar 2021,248.0,-453.0,-47.0,-252.0,2021,-205.0,187.0,1.3262032085561497
688,IRCTC,Mar 2022,524.0,-242.0,-258.0,23.0,2022,282.0,660.0,0.793939393939394
689,IRCTC,Mar 2023,812.0,-317.0,-434.0,61.0,2023,495.0,1006.0,0.8071570576540755
690,IRCTC,Mar 2024,882.0,-215.0,-404.0,262.0,2024,667.0,1111.0,0.7938793879387939
691,IRFC,Mar 2016,-16378.0,2.0,17582.0,1206.0,2016,-16376.0,849.0,-19.290930506478208
692,IRFC,Mar 2017,-19455.0,2.0,18250.0,-1204.0,2017,-19453.0,934.0,-20.829764453961456
693,IRFC,Mar 2018,-28076.0,2.0,28075.0,0.0,2018,-28074.0,2055.0,-13.662287104622871
694,IRFC,Mar 2019,-41748.0,1.0,41749.0,3.0,2019,-41747.0,2255.0,-18.51352549889135
695,IRFC,Mar 2020,-62701.0,1.0,62697.0,-2.0,2020,-62700.0,3192.0,-19.64317042606516
696,IRFC,Mar 2021,-89907.0,0.0,90202.0,296.0,2021,-89907.0,4416.0,-20.359375
697,IRFC,Mar 2022,-64412.0,-5.0,64266.0,-151.0,2022,-64417.0,6090.0,-10.576683087027915
698,IRFC,Mar 2023,-28588.0,0.0,28644.0,56.0,2023,-28588.0,6167.0,-4.635641316685585
699,IRFC,Mar 2024,7914.0,-8.0,-8046.0,-140.0,2024,7906.0,6412.0,1.2342482844666252
700,ITC,Mar 2013,7102.0,-3881.0,-3310.0,-90.0,2013,3221.0,7704.0,0.921858774662513
701,ITC,Mar 2014,7344.0,-3254.0,-4122.0,-32.0,2014,4090.0,9001.0,0.8159093434062882
702,ITC,Mar 2015,9843.0,-5275.0,-4661.0,-93.0,2015,4568.0,9779.0,1.0065446364658963
703,ITC,Mar 2016,9799.0,-3921.0,-5613.0,266.0,2016,5878.0,9501.0,1.0313651194611093
704,ITC,Mar 2017,10627.0,-3251.0,-7301.0,75.0,2017,7376.0,10477.0,1.0143170754987114
705,ITC,Mar 2018,13169.0,-7114.0,-6221.0,-166.0,2018,6055.0,11493.0,1.1458278952405812
706,ITC,Mar 2019,12583.0,-5546.0,-6869.0,169.0,2019,7037.0,12836.0,0.9802898099096292
707,ITC,Mar 2020,14690.0,-6174.0,-8181.0,334.0,2020,8516.0,15593.0,0.942089399089335
708,ITC,Mar 2021,12527.0,5740.0,-18634.0,-367.0,2021,18267.0,13383.0,0.9360382574908466
709,ITC,Mar 2022,15776.0,-2238.0,-13580.0,-43.0,2022,13538.0,15503.0,1.017609494936464
710,ITC,Mar 2023,18878.0,-5732.0,-13006.0,139.0,2023,13146.0,19477.0,0.9692457770703907
711,ITC,Mar 2024,17179.0,1563.0,-18551.0,191.0,2024,18742.0,20751.0,0.8278637174112091
712,JINDALSTEL,Mar 2013,3522.0,-9591.0,6111.0,43.0,2013,-6069.0,2952.0,1.193089430894309
713,JINDALSTEL,Mar 2014,4580.0,-12694.0,8879.0,766.0,2014,-8114.0,1896.0,2.4156118143459917
714,JINDALSTEL,Mar 2015,1182.0,-6717.0,5708.0,173.0,2015,-5535.0,-1452.0,-0.8140495867768595
715,JINDALSTEL,Mar 2016,4333.0,-2262.0,-2672.0,-601.0,2016,2071.0,-3087.0,-1.4036281179138321
716,JINDALSTEL,Mar 2017,6850.0,-1998.0,-5108.0,-256.0,2017,4852.0,-2538.0,-2.6989755713159966
717,JINDALSTEL,Mar 2018,7724.0,-1431.0,-6276.0,17.0,2018,6293.0,-1616.0,-4.77970297029703
718,JINDALSTEL,Mar 2019,9027.0,-832.0,-8261.0,-67.0,2019,8195.0,-2412.0,-3.7425373134328357
719,JINDALSTEL,Mar 2020,8814.0,-1476.0,-7016.0,322.0,2020,7338.0,-400.0,-22.035
720,JINDALSTEL,Mar 2021,11961.0,-1884.0,-4612.0,5465.0,2021,10077.0,4267.0,2.8031403796578394
721,JINDALSTEL,Mar 2022,16048.0,-2331.0,-15120.0,-1403.0,2022,13717.0,6766.0,2.371859296482412
722,JINDALSTEL,Mar 2023,7347.0,-4090.0,-2500.0,757.0,2023,3257.0,3974.0,1.8487669854051334
723,JINDALSTEL,Mar 2024,6008.0,-8344.0,1381.0,-955.0,2024,-2336.0,5943.0,1.010937237085647
724,JIOFIN,Mar 2023,2055.0,-1110.0,-889.0,56.0,2023,945.0,31.0,66.29032258064517
725,JIOFIN,Mar 2024,-678.0,1441.0,-753.0,11.0,2024,763.0,1605.0,-0.4224299065420561
726,JSWENERGY,Mar 2013,1725.0,-944.0,-684.0,96.0,2013,781.0,901.0,1.9145394006659266
727,JSWENERGY,Mar 2014,2269.0,-363.0,-1859.0,48.0,2014,1906.0,760.0,2.985526315789474
728,JSWENERGY,Mar 2015,3394.0,-422.0,-2327.0,645.0,2015,2972.0,1358.0,2.499263622974963
729,JSWENERGY,Mar 2016,3538.0,-3272.0,-1622.0,-1357.0,2016,266.0,1460.0,2.4232876712328766
730,JSWENERGY,Mar 2017,3853.0,-762.0,-2595.0,496.0,2017,3091.0,623.0,6.184590690208668
731,JSWENERGY,Mar 2018,3934.0,-215.0,-3968.0,-249.0,2018,3719.0,85.0,46.28235294117647
732,JSWENERGY,Mar 2019,2491.0,-55.0,-2523.0,-87.0,2019,2436.0,684.0,3.641812865497076
733,JSWENERGY,Mar 2020,2082.0,301.0,-1962.0,421.0,2020,2383.0,1081.0,1.9259944495837187
734,JSWENERGY,Mar 2021,3700.0,-1030.0,-2515.0,155.0,2021,2670.0,823.0,4.495747266099635
735,JSWENERGY,Mar 2022,2952.0,-1387.0,-781.0,784.0,2022,1565.0,1743.0,1.693631669535284
736,JSWENERGY,Mar 2023,2084.0,-6778.0,7327.0,2634.0,2023,-4694.0,1480.0,1.4081081081081082
737,JSWENERGY,Mar 2024,6234.0,-8197.0,1675.0,-289.0,2024,-1963.0,1725.0,3.6139130434782607
738,JSWSTEEL,Mar 2013,5844.0,-5433.0,-791.0,-380.0,2013,411.0,929.0,6.290635091496233
739,JSWSTEEL,Mar 2014,2594.0,-5618.0,3300.0,276.0,2014,-3024.0,402.0,6.45273631840796
740,JSWSTEEL,Mar 2015,7876.0,-7372.0,-169.0,334.0,2015,504.0,1722.0,4.5737514518002325
741,JSWSTEEL,Mar 2016,6897.0,-3857.0,-3151.0,-111.0,2016,3040.0,-481.0,-14.338877338877339
742,JSWSTEEL,Mar 2017,7888.0,-5094.0,-2710.0,84.0,2017,2794.0,3467.0,2.275165849437554
743,JSWSTEEL,Mar 2018,12379.0,-4529.0,-8185.0,-335.0,2018,7850.0,6113.0,2.0250286275151317
744,JSWSTEEL,Mar 2019,14633.0,-11387.0,1753.0,4999.0,2019,3246.0,7524.0,1.944843168527379
745,JSWSTEEL,Mar 2020,12785.0,-19589.0,5189.0,-1615.0,2020,-6804.0,3919.0,3.262311814238326
746,JSWSTEEL,Mar 2021,18789.0,-7702.0,-3110.0,7977.0,2021,11087.0,7873.0,2.3865108599009273
747,JSWSTEEL,Mar 2022,26270.0,-14748.0,-14657.0,-3135.0,2022,11522.0,20938.0,1.2546566052153978
748,JSWSTEEL,Mar 2023,23323.0,-10730.0,-5977.0,6616.0,2023,12593.0,4139.0,5.634935974873158
749,JSWSTEEL,Mar 2024,12078.0,-14467.0,-5005.0,-7394.0,2024,-2389.0,8973.0,1.3460381143430291
750,KOTAKBANK,Mar 2013,2878.0,-9035.0,7099.0,942.0,2013,-6157.0,2238.0,1.285969615728329
751,KOTAKBANK,Mar 2014,9068.0,-1130.0,-5814.0,2125.0,2014,7938.0,2527.0,3.588444796201029
752,KOTAKBANK,Mar 2015,2302.0,-4467.0,2426.0,260.0,2015,-2165.0,3105.0,0.7413848631239935
753,KOTAKBANK,Mar 2016,5025.0,-2353.0,2024.0,4696.0,2016,2672.0,3524.0,1.4259364358683315
754,KOTAKBANK,Mar 2017,13222.0,-5289.0,6055.0,13989.0,2017,7933.0,5019.0,2.634389320581789
755,KOTAKBANK,Mar 2018,-10392.0,-5475.0,14679.0,-1188.0,2018,-15867.0,6258.0,-1.660594439117929
756,KOTAKBANK,Mar 2019,1822.0,-3323.0,8365.0,6864.0,2019,-1501.0,7204.0,0.2529150471960022
757,KOTAKBANK,Mar 2020,46619.0,-13068.0,-735.0,32815.0,2020,33551.0,8593.0,5.425229838240428
758,KOTAKBANK,Mar 2021,4881.0,-11172.0,-10072.0,-16363.0,2021,-6291.0,9990.0,0.4885885885885886
759,KOTAKBANK,Mar 2022,8308.0,-10903.0,7543.0,4949.0,2022,-2595.0,12089.0,0.6872363305484325
760,KOTAKBANK,Mar 2023,-1242.0,-10381.0,1883.0,-9740.0,2023,-11623.0,14925.0,-0.08321608040201005
761,KOTAKBANK,Mar 2024,15685.0,-8919.0,15515.0,22281.0,2024,6766.0,18213.0,0.8611980453522209
762,LICI,Mar 2019,13274.0,9636.0,-13700.0,9210.0,2019,22910.0,2627.0,5.052912066996574
763,LICI,Mar 2020,54367.0,-40415.0,-18664.0,-4712.0,2020,13952.0,2710.0,20.06162361623616
764,LICI,Mar 2021,80602.0,148447.0,-256125.0,-27077.0,2021,229049.0,2974.0,27.10221923335575
765,LICI,Mar 2022,-3783.0,12531.0,0.0,8748.0,2022,8748.0,4125.0,-0.9170909090909091
766,LICI,Mar 2023,54519.0,-52848.0,-949.0,722.0,2023,1671.0,35997.0,1.5145428785732145
767,LICI,Mar 2024,26122.0,-25269.0,-4427.0,-3574.0,2024,853.0,40916.0,0.6384299540522045
777,LODHA,Mar 2016,387.0,-854.0,330.0,-137.0,2016,-467.0,703.0,0.55049786628734
778,LODHA,Mar 2017,1469.0,-1174.0,-312.0,-16.0,2017,295.0,584.0,2.5154109589041096
779,LODHA,Mar 2018,696.0,-651.0,24.0,69.0,2018,45.0,794.0,0.8765743073047859
780,LODHA,Mar 2019,-463.0,-175.0,736.0,97.0,2019,-638.0,1644.0,-0.2816301703163017
781,LODHA,Mar 2020,3772.0,182.0,-4188.0,-234.0,2020,3954.0,742.0,5.083557951482479
782,LODHA,Mar 2021,2524.0,420.0,-2835.0,109.0,2021,2944.0,48.0,52.583333333333336
783,LODHA,Mar 2022,1998.0,1139.0,-2888.0,250.0,2022,3137.0,1208.0,1.653973509933775
784,LODHA,Mar 2023,2750.0,1789.0,-3706.0,834.0,2023,4539.0,490.0,5.612244897959184
785,LODHA,Mar 2024,2512.0,-2947.0,951.0,516.0,2024,-435.0,1554.0,1.6164736164736164
786,LT,Mar 2013,-4355.0,-6922.0,11429.0,152.0,2013,-11277.0,5291.0,-0.8230958230958231
787,LT,Mar 2014,-7143.0,-5510.0,13136.0,483.0,2014,-12653.0,4885.0,-1.462231320368475
788,LT,Mar 2015,-1365.0,-4778.0,7903.0,1759.0,2015,-6143.0,4966.0,-0.27486910994764396
789,LT,Mar 2016,-3240.0,-4627.0,7253.0,-613.0,2016,-7867.0,4592.0,-0.705574912891986
790,LT,Mar 2017,6655.0,-9796.0,2896.0,-245.0,2017,-3141.0,6486.0,1.0260561208757324
791,LT,Mar 2018,-10031.0,3914.0,9370.0,3254.0,2018,-6117.0,8004.0,-1.253248375812094
792,LT,Mar 2019,-4756.0,-11023.0,15440.0,-338.0,2019,-15779.0,10217.0,-0.46549867867280026
793,LT,Mar 2020,6694.0,-8408.0,6372.0,4658.0,2020,-1714.0,10894.0,0.6144666789058197
794,LT,Mar 2021,23074.0,-5750.0,-15274.0,2049.0,2021,17324.0,12921.0,1.7857750948069036
795,LT,Mar 2022,19164.0,-3585.0,-15181.0,397.0,2022,15579.0,10419.0,1.8393319896343219
796,LT,Mar 2023,22777.0,-8048.0,-11572.0,3156.0,2023,14729.0,12531.0,1.8176522224882292
797,LT,Mar 2024,18266.0,2179.0,-25413.0,-4968.0,2024,20445.0,15547.0,1.1748890461182222
798,LTIM,Mar 2013,608.0,-224.0,-396.0,-13.0,2013,384.0,562.0,1.0818505338078293
799,LTIM,Mar 2014,628.0,180.0,-769.0,40.0,2014,808.0,996.0,0.6305220883534136
800,LTIM,Mar 2015,642.0,-103.0,-497.0,42.0,2015,539.0,769.0,0.834850455136541
801,LTIM,Mar 2016,858.0,-40.0,-817.0,2.0,2016,818.0,836.0,1.0263157894736843
802,LTIM,Mar 2017,1170.0,-961.0,-33.0,176.0,2017,209.0,971.0,1.2049433573635426
803,LTIM,Mar 2018,844.0,-452.0,-408.0,-16.0,2018,392.0,1112.0,0.7589928057553957
804,LTIM,Mar 2019,1395.0,-749.0,-594.0,52.0,2019,646.0,1516.0,0.9201846965699209
805,LTIM,Mar 2020,1644.0,-643.0,-890.0,110.0,2020,1001.0,1520.0,1.081578947368421
806,LTIM,Mar 2021,2400.0,-1657.0,-509.0,234.0,2021,743.0,1938.0,1.238390092879257
807,LTIM,Mar 2022,3251.0,-1643.0,-1680.0,-73.0,2022,1608.0,3950.0,0.8230379746835443
808,LTIM,Mar 2023,3095.0,-271.0,-1932.0,892.0,2023,2824.0,4410.0,0.7018140589569161
809,LTIM,Mar 2024,5670.0,-3918.0,-2269.0,-518.0,2024,1752.0,4585.0,1.2366412213740459
810,M&M,Mar 2013,-922.0,-2903.0,4508.0,684.0,2013,-3825.0,4129.0,-0.223298619520465
811,M&M,Mar 2014,-244.0,-4524.0,5577.0,810.0,2014,-4768.0,5154.0,-0.0473418703919286
812,M&M,Mar 2015,1055.0,-4357.0,1669.0,-1633.0,2015,-3302.0,3381.0,0.3120378586217096
813,M&M,Mar 2016,2385.0,-5506.0,2967.0,-154.0,2016,-3121.0,3554.0,0.6710748452447945
814,M&M,Mar 2017,183.0,-5875.0,6108.0,416.0,2017,-5692.0,4051.0,0.04517403110343125
815,M&M,Mar 2018,682.0,-5467.0,6314.0,1529.0,2018,-4785.0,7958.0,0.0856999246041719
816,M&M,Mar 2019,-4347.0,-7174.0,13194.0,1672.0,2019,-11521.0,6017.0,-0.7224530496925378
817,M&M,Mar 2020,-1457.0,-6870.0,6933.0,-1394.0,2020,-8327.0,-321.0,4.538940809968848
818,M&M,Mar 2021,17909.0,-19686.0,406.0,-1370.0,2021,-1777.0,1512.0,11.84457671957672
819,M&M,Mar 2022,9248.0,-3252.0,-5883.0,113.0,2022,5996.0,7253.0,1.2750585964428511
820,M&M,Mar 2023,-7074.0,-8866.0,15946.0,6.0,2023,-15940.0,11374.0,-0.6219447863548444
821,M&M,Mar 2024,-5630.0,-5615.0,12281.0,1037.0,2024,-11245.0,12270.0,-0.4588427057864711
822,MARUTI,Mar 2013,4059.0,-3119.0,-979.0,-39.0,2013,940.0,2470.0,1.6433198380566802
823,MARUTI,Mar 2014,4995.0,-4997.0,-74.0,-76.0,2014,-2.0,2854.0,1.750175192711983
824,MARUTI,Mar 2015,6449.0,-4491.0,-2004.0,-45.0,2015,1958.0,3809.0,1.693095300603833
825,MARUTI,Mar 2016,8482.0,-7230.0,-1237.0,16.0,2016,1252.0,5497.0,1.543023467345825
826,MARUTI,Mar 2017,10282.0,-9173.0,-1129.0,-20.0,2017,1109.0,7511.0,1.3689255758221275
827,MARUTI,Mar 2018,11788.0,-8302.0,-3436.0,50.0,2018,3486.0,7881.0,1.4957492703971578
828,MARUTI,Mar 2019,6601.0,-3540.0,-2948.0,113.0,2019,3061.0,7651.0,0.8627630375114365
829,MARUTI,Mar 2020,3496.0,-557.0,-3104.0,-165.0,2020,2939.0,5678.0,0.6157097569566748
830,MARUTI,Mar 2021,8856.0,-7291.0,-1545.0,20.0,2021,1565.0,4389.0,2.017771701982228
831,MARUTI,Mar 2022,1840.0,-239.0,-1607.0,-6.0,2022,1601.0,3880.0,0.4742268041237113
832,MARUTI,Mar 2023,10815.0,-8820.0,-1214.0,780.0,2023,1995.0,8264.0,1.3086882865440466
833,MARUTI,Mar 2024,16801.0,-11865.0,-4062.0,874.0,2024,4936.0,13488.0,1.2456257413997627
834,MOTHERSON,Mar 2013,1486.0,-1089.0,-256.0,142.0,2013,397.0,452.0,3.2876106194690267
835,MOTHERSON,Mar 2014,2695.0,-1372.0,-1080.0,243.0,2014,1323.0,1097.0,2.456700091157703
836,MOTHERSON,Mar 2015,3390.0,-2844.0,494.0,1040.0,2015,546.0,1292.0,2.623839009287926
837,MOTHERSON,Mar 2016,2188.0,-1906.0,-263.0,19.0,2016,282.0,1774.0,1.23337091319053
838,MOTHERSON,Mar 2017,3800.0,-6145.0,5518.0,3172.0,2017,-2345.0,2172.0,1.7495395948434622
839,MOTHERSON,Mar 2018,3264.0,-3194.0,-2221.0,-2152.0,2018,70.0,2260.0,1.4442477876106194
840,MOTHERSON,Mar 2019,4312.0,-3318.0,-225.0,769.0,2019,994.0,2098.0,2.0552907530981885
841,MOTHERSON,Mar 2020,6352.0,-2220.0,-2803.0,1329.0,2020,4132.0,1294.0,4.908809891808346
842,MOTHERSON,Mar 2021,5051.0,-1886.0,-2098.0,1068.0,2021,3165.0,1569.0,3.2192479286169533
843,MOTHERSON,Mar 2022,2463.0,-2304.0,-1217.0,-1059.0,2022,159.0,1182.0,2.083756345177665
844,MOTHERSON,Mar 2023,4643.0,-2248.0,-2734.0,-339.0,2023,2395.0,1670.0,2.7802395209580837
845,MOTHERSON,Mar 2024,7569.0,-6644.0,1281.0,2205.0,2024,925.0,3020.0,2.5062913907284767
846,NAUKRI,Mar 2013,75.0,-46.0,-12.0,16.0,2013,29.0,76.0,0.9868421052631579
847,NAUKRI,Mar 2014,81.0,-204.0,130.0,7.0,2014,-123.0,60.0,1.35
848,NAUKRI,Mar 2015,51.0,-1051.0,1025.0,25.0,2015,-1000.0,-14.0,-3.642857142857143
849,NAUKRI,Mar 2016,78.0,-2.0,-66.0,11.0,2016,76.0,118.0,0.6610169491525424
850,NAUKRI,Mar 2017,213.0,-165.0,-42.0,7.0,2017,48.0,-43.0,-4.953488372093023
851,NAUKRI,Mar 2018,253.0,-149.0,-75.0,29.0,2018,104.0,501.0,0.5049900199600799
852,NAUKRI,Mar 2019,276.0,-59.0,-78.0,138.0,2019,217.0,592.0,0.46621621621621623
853,NAUKRI,Mar 2020,350.0,97.0,-143.0,304.0,2020,447.0,-246.0,-1.4227642276422765
854,NAUKRI,Mar 2021,276.0,-2043.0,1880.0,113.0,2021,-1767.0,1418.0,0.19464033850493653
855,NAUKRI,Mar 2022,707.0,-1177.0,35.0,-435.0,2022,-470.0,12882.0,0.05488278217668064
856,NAUKRI,Mar 2023,512.0,-358.0,2.0,156.0,2023,154.0,-70.0,-7.314285714285714
857,NAUKRI,Mar 2024,702.0,-852.0,120.0,-29.0,2024,-150.0,595.0,1.1798319327731093
858,NESTLEIND,Dec 2013,1796.0,-441.0,-580.0,775.0,2013,1355.0,1117.0,1.6078782452999105
859,NESTLEIND,Dec 2014,1644.0,-432.0,-1635.0,-423.0,2014,1212.0,1185.0,1.3873417721518988
860,NESTLEIND,Dec 2015,1098.0,-70.0,-498.0,529.0,2015,1028.0,563.0,1.9502664298401422
861,NESTLEIND,Dec 2016,1466.0,-126.0,-666.0,674.0,2016,1340.0,1001.0,1.4645354645354645
862,NESTLEIND,Dec 2017,1818.0,-131.0,-997.0,691.0,2017,1687.0,1225.0,1.4840816326530613
863,NESTLEIND,Dec 2018,2052.0,-52.0,-1317.0,683.0,2018,2000.0,1607.0,1.2769135034225265
864,NESTLEIND,Dec 2019,2295.0,83.0,-3602.0,-1223.0,2019,2378.0,1968.0,1.166158536585366
865,NESTLEIND,Dec 2020,2454.0,-321.0,-1956.0,177.0,2020,2133.0,2082.0,1.1786743515850144
866,NESTLEIND,Dec 2021,2236.0,-1920.0,-2020.0,-1704.0,2021,316.0,2118.0,1.0557129367327667
867,NESTLEIND,Dec 2022,2737.0,-392.0,-2123.0,223.0,2022,2345.0,2391.0,1.1447093266415727
868,NESTLEIND,Dec 2023,3392.0,-927.0,-2436.0,29.0,2023,2465.0,2999.0,1.1310436812270757
869,NESTLEIND,Mar 2024,4175.0,-1237.0,-3135.0,-198.0,2024,2938.0,3933.0,1.0615306381896772
870,NHPC,Mar 2013,2846.0,-1330.0,-1344.0,172.0,2013,1516.0,2873.0,0.9906021580229725
871,NHPC,Mar 2014,3824.0,-1122.0,-4536.0,-1834.0,2014,2702.0,1633.0,2.3417023882424983
872,NHPC,Mar 2015,4061.0,-768.0,-2494.0,798.0,2015,3293.0,2798.0,1.4513938527519656
873,NHPC,Mar 2016,5971.0,-746.0,-4000.0,1224.0,2016,5225.0,2365.0,2.5247357293868924
874,NHPC,Mar 2017,8329.0,-1864.0,-7812.0,-1347.0,2017,6465.0,3480.0,2.393390804597701
875,NHPC,Mar 2018,4696.0,-886.0,-3863.0,-53.0,2018,3810.0,2785.0,1.6861759425493716
876,NHPC,Mar 2019,3824.0,-1182.0,-2637.0,5.0,2019,2642.0,2836.0,1.3483779971791254
877,NHPC,Mar 2020,2993.0,-2987.0,12.0,17.0,2020,6.0,3345.0,0.8947683109118086
878,NHPC,Mar 2021,5070.0,-1607.0,-3058.0,405.0,2021,3463.0,3600.0,1.4083333333333334
879,NHPC,Mar 2022,4590.0,-3084.0,-638.0,867.0,2022,1506.0,3774.0,1.2162162162162162
880,NHPC,Mar 2023,4705.0,-4191.0,-795.0,-281.0,2023,514.0,4261.0,1.1042008918094344
881,NHPC,Mar 2024,6938.0,-5968.0,-581.0,388.0,2024,970.0,4028.0,1.7224428997020853
882,NTPC,Mar 2013,16508.0,-16845.0,988.0,651.0,2013,-337.0,12586.0,1.3116160813602415
883,NTPC,Mar 2014,16531.0,-15509.0,-2709.0,-1687.0,2014,1022.0,11403.0,1.4497062176620188
884,NTPC,Mar 2015,14889.0,-15977.0,-1474.0,-2563.0,2015,-1088.0,9992.0,1.4900920736589272
885,NTPC,Mar 2016,24125.0,-19162.0,-3899.0,1064.0,2016,4963.0,10781.0,2.237733048882293
886,NTPC,Mar 2017,20167.0,-24480.0,3138.0,-1176.0,2017,-4313.0,10714.0,1.8823035280940825
887,NTPC,Mar 2018,19670.0,-20678.0,1028.0,19.0,2018,-1008.0,10502.0,1.8729765758903065
888,NTPC,Mar 2019,18686.0,-24063.0,4927.0,-451.0,2019,-5377.0,14034.0,1.331480689753456
889,NTPC,Mar 2020,23890.0,-29628.0,6004.0,266.0,2020,-5738.0,11902.0,2.007225676356915
890,NTPC,Mar 2021,32444.0,-21034.0,-11049.0,360.0,2021,11410.0,14969.0,2.1674126528158193
891,NTPC,Mar 2022,41788.0,-22891.0,-19172.0,-274.0,2022,18897.0,16960.0,2.463915094339623
892,NTPC,Mar 2023,47152.0,-26145.0,-21217.0,-210.0,2023,21007.0,17121.0,2.7540447403773145
893,NTPC,Mar 2024,40785.0,-32141.0,-8246.0,398.0,2024,8644.0,21332.0,1.9119163697731107
894,ONGC,Mar 2013,39874.0,-41220.0,-6927.0,-8273.0,2013,-1346.0,23994.0,1.6618321246978411
895,ONGC,Mar 2014,53270.0,-63633.0,15225.0,4862.0,2014,-10363.0,26665.0,1.9977498593662104
896,ONGC,Mar 2015,33950.0,-30058.0,-10641.0,-6749.0,2015,3892.0,17703.0,1.9177540529853696
897,ONGC,Mar 2016,46292.0,-38256.0,-8972.0,-935.0,2016,8036.0,13102.0,3.533201038009464
898,ONGC,Mar 2017,45780.0,-43815.0,-1867.0,99.0,2017,1965.0,29169.0,1.5694744420446365
899,ONGC,Mar 2018,56792.0,-66798.0,9909.0,-97.0,2018,-10006.0,26068.0,2.178609789780574
900,ONGC,Mar 2019,61458.0,-37132.0,-23324.0,1001.0,2019,24326.0,33938.0,1.8108904472862277
901,ONGC,Mar 2020,70593.0,-53159.0,-16726.0,708.0,2020,17434.0,11456.0,6.162098463687151
902,ONGC,Mar 2021,47185.0,-39141.0,-8239.0,-195.0,2021,8044.0,21360.0,2.2090355805243447
903,ONGC,Mar 2022,78248.0,-41197.0,-35790.0,1261.0,2022,37051.0,49294.0,1.5873737168823792
904,ONGC,Mar 2023,86062.0,-74690.0,-12876.0,-1504.0,2023,11372.0,32778.0,2.625602538287876
905,ONGC,Mar 2024,99263.0,-57203.0,-45650.0,-3591.0,2024,42060.0,57101.0,1.7383758603176827
906,PFC,Mar 2013,-25102.0,22.0,27947.0,2868.0,2013,-25080.0,4438.0,-5.65615141955836
907,PFC,Mar 2014,-22473.0,9.0,17671.0,-4793.0,2014,-22464.0,5462.0,-4.1144269498352255
908,PFC,Mar 2015,-21455.0,-491.0,26916.0,4970.0,2015,-21946.0,6004.0,-3.5734510326449036
909,PFC,Mar 2016,-13298.0,-1973.0,10383.0,-4888.0,2016,-15271.0,6184.0,-2.1503880983182406
910,PFC,Mar 2017,1795.0,-667.0,1950.0,3079.0,2017,1128.0,2236.0,0.802772808586762
911,PFC,Mar 2018,-57148.0,1409.0,52018.0,-3720.0,2018,-55739.0,8797.0,-6.496305558713198
912,PFC,Mar 2019,-80252.0,-13463.0,93616.0,-98.0,2019,-93715.0,12640.0,-6.349050632911393
913,PFC,Mar 2020,-42148.0,-73.0,43399.0,1179.0,2020,-42221.0,9477.0,-4.447398965917484
914,PFC,Mar 2021,-59143.0,1741.0,60424.0,3023.0,2021,-57402.0,15716.0,-3.763234919826928
915,PFC,Mar 2022,4904.0,-547.0,-8371.0,-4014.0,2022,4357.0,18768.0,0.2612958226768968
916,PFC,Mar 2023,-74717.0,-1694.0,75537.0,-874.0,2023,-76411.0,21179.0,-3.527881391944851
917,PFC,Mar 2024,-97820.0,-3409.0,101261.0,32.0,2024,-101229.0,26461.0,-3.6967612713049394
918,PIDILITIND,Mar 2013,472.0,-144.0,-339.0,-12.0,2013,328.0,424.0,1.1132075471698113
919,PIDILITIND,Mar 2014,394.0,-99.0,-242.0,54.0,2014,295.0,450.0,0.8755555555555555
920,PIDILITIND,Mar 2015,552.0,-436.0,-165.0,-49.0,2015,116.0,514.0,1.0739299610894941
921,PIDILITIND,Mar 2016,907.0,-491.0,-371.0,45.0,2016,416.0,807.0,1.123915737298637
922,PIDILITIND,Mar 2017,794.0,-879.0,41.0,-45.0,2017,-85.0,863.0,0.9200463499420626
923,PIDILITIND,Mar 2018,796.0,39.0,-790.0,46.0,2018,835.0,966.0,0.8240165631469979
924,PIDILITIND,Mar 2019,845.0,-513.0,-361.0,-29.0,2019,332.0,928.0,0.9105603448275862
925,PIDILITIND,Mar 2020,1280.0,103.0,-849.0,533.0,2020,1383.0,1122.0,1.1408199643493762
926,PIDILITIND,Mar 2021,1392.0,-1688.0,-76.0,-372.0,2021,-296.0,1126.0,1.236234458259325
927,PIDILITIND,Mar 2022,955.0,-558.0,-468.0,-71.0,2022,397.0,1207.0,0.7912178956089478
928,PIDILITIND,Mar 2023,1558.0,-899.0,-656.0,2.0,2023,659.0,1289.0,1.208688906128782
929,PIDILITIND,Mar 2024,2724.0,-1769.0,-742.0,212.0,2024,955.0,1747.0,1.559244419004007
930,PNB,Mar 2013,-692.0,-600.0,-694.0,-1987.0,2013,-1292.0,5020.0,-0.13784860557768924
931,PNB,Mar 2014,16906.0,-302.0,2129.0,18733.0,2014,16604.0,3674.0,4.601524224278715
932,PNB,Mar 2015,4814.0,-872.0,7451.0,11393.0,2015,3942.0,3525.0,1.3656737588652483
933,PNB,Mar 2016,14167.0,-1352.0,5975.0,18790.0,2016,12815.0,-3510.0,-4.036182336182336
934,PNB,Mar 2017,21938.0,159.0,-9767.0,12330.0,2017,22097.0,1239.0,17.706214689265536
935,PNB,Mar 2018,-1742.0,392.0,7460.0,6109.0,2018,-1350.0,-12111.0,0.14383618198332096
936,PNB,Mar 2019,-33532.0,-629.0,13969.0,-20192.0,2019,-34161.0,-9550.0,3.5112041884816754
937,PNB,Mar 2020,-12793.0,-338.0,13591.0,460.0,2020,-13131.0,485.0,-26.377319587628865
938,PNB,Mar 2021,30950.0,-787.0,5415.0,35579.0,2021,30163.0,2695.0,11.484230055658626
939,PNB,Mar 2022,20032.0,-1204.0,2032.0,20859.0,2022,18828.0,3908.0,5.12589559877175
940,PNB,Mar 2023,22592.0,-732.0,1275.0,23135.0,2023,21860.0,3359.0,6.725811253349211
941,PNB,Mar 2024,-27939.0,-1506.0,3518.0,-25928.0,2024,-29445.0,9157.0,-3.0511084416293546
942,POWERGRID,Mar 2013,11690.0,-22084.0,9962.0,-432.0,2013,-10394.0,4313.0,2.7104103872014838
943,POWERGRID,Mar 2014,15223.0,-26639.0,13712.0,2295.0,2014,-11416.0,4548.0,3.3471855760773965
944,POWERGRID,Mar 2015,15800.0,-24185.0,6399.0,-1986.0,2015,-8385.0,5046.0,3.1311930241775663
945,POWERGRID,Mar 2016,15008.0,-21576.0,5621.0,-948.0,2016,-6568.0,5959.0,2.518543379761705
946,POWERGRID,Mar 2017,21575.0,-23836.0,3959.0,1698.0,2017,-2261.0,7451.0,2.895584485303986
947,POWERGRID,Mar 2018,22710.0,-25701.0,1285.0,-1707.0,2018,-2991.0,8204.0,2.7681618722574353
948,POWERGRID,Mar 2019,23271.0,-18727.0,-2431.0,2113.0,2019,4544.0,10034.0,2.3192146701215868
949,POWERGRID,Mar 2020,30739.0,-10733.0,-18806.0,1199.0,2020,20006.0,11059.0,2.7795460710733337
950,POWERGRID,Mar 2021,29403.0,-9244.0,-20521.0,-362.0,2021,20159.0,12036.0,2.442921236291127
951,POWERGRID,Mar 2022,26124.0,753.0,-28967.0,-2091.0,2022,26877.0,16824.0,1.5527817403708988
952,POWERGRID,Mar 2023,40203.0,-7138.0,-30450.0,2615.0,2023,33065.0,15420.0,2.6071984435797666
953,POWERGRID,Mar 2024,37290.0,-13114.0,-25903.0,-1728.0,2024,24176.0,15573.0,2.394528992486997
954,RECLTD,Mar 2013,-20059.0,152.0,16059.0,-3847.0,2013,-19907.0,3833.0,-5.233237672841117
955,RECLTD,Mar 2014,-17244.0,136.0,16815.0,-293.0,2014,-17108.0,4741.0,-3.6372073402235814
956,RECLTD,Mar 2015,-23898.0,151.0,23098.0,-649.0,2015,-23747.0,5344.0,-4.4719311377245505
957,RECLTD,Mar 2016,-13278.0,-756.0,15291.0,1257.0,2016,-14034.0,5691.0,-2.3331576172904587
958,RECLTD,Mar 2017,6805.0,-101.0,-3947.0,2757.0,2017,6704.0,6313.0,1.0779344210359576
959,RECLTD,Mar 2018,-32510.0,46.0,28244.0,-4220.0,2018,-32464.0,4451.0,-7.303976634464165
960,RECLTD,Mar 2019,-35866.0,457.0,35543.0,134.0,2019,-35409.0,5741.0,-6.247343668350462
961,RECLTD,Mar 2020,-32712.0,121.0,33926.0,1336.0,2020,-32591.0,4972.0,-6.579243765084473
962,RECLTD,Mar 2021,-43512.0,861.0,42113.0,-538.0,2021,-42651.0,8378.0,-5.1936022917164
963,RECLTD,Mar 2022,-819.0,-287.0,68.0,-1038.0,2022,-1106.0,10036.0,-0.08160621761658031
964,RECLTD,Mar 2023,-37360.0,-943.0,38123.0,-180.0,2023,-38303.0,11167.0,-3.3455717739768964
965,RECLTD,Mar 2024,-57723.0,-1831.0,59588.0,34.0,2024,-59554.0,14145.0,-4.0808059384941675
966,RELIANCE,Mar 2013,36918.0,-27601.0,408.0,9725.0,2013,9317.0,20886.0,1.7675955185291583
967,RELIANCE,Mar 2014,43261.0,-73070.0,13713.0,-16096.0,2014,-29809.0,22548.0,1.9186180592513749
968,RELIANCE,Mar 2015,34374.0,-64706.0,8444.0,-21888.0,2015,-30332.0,23640.0,1.4540609137055838
969,RELIANCE,Mar 2016,38134.0,-36186.0,-3210.0,-1262.0,2016,1948.0,29861.0,1.2770503332105423
970,RELIANCE,Mar 2017,49550.0,-66201.0,8617.0,-8034.0,2017,-16651.0,29833.0,1.6609124124291892
971,RELIANCE,Mar 2018,71459.0,-68192.0,-2001.0,1266.0,2018,3267.0,36080.0,1.980570953436807
972,RELIANCE,Mar 2019,42346.0,-94507.0,55906.0,3745.0,2019,-52161.0,39837.0,1.0629816502246656
973,RELIANCE,Mar 2020,94877.0,-72497.0,-2541.0,19839.0,2020,22380.0,39880.0,2.379062186559679
974,RELIANCE,Mar 2021,26958.0,-142385.0,101904.0,-13523.0,2021,-115427.0,53739.0,0.5016468486573996
975,RELIANCE,Mar 2022,110654.0,-109162.0,17289.0,18781.0,2022,1492.0,67845.0,1.6309823863217627
976,RELIANCE,Mar 2023,115032.0,-93001.0,10455.0,32486.0,2023,22031.0,74088.0,1.5526401036605118
977,RELIANCE,Mar 2024,158788.0,-113581.0,-16646.0,28561.0,2024,45207.0,79020.0,2.00946595798532
978,SBILIFE,Mar 2013,1130.0,-227.0,-58.0,845.0,2013,903.0,630.0,1.7936507936507937
979,SBILIFE,Mar 2014,166.0,-708.0,-58.0,-600.0,2014,-542.0,728.0,0.22802197802197802
980,SBILIFE,Mar 2015,2711.0,-178.0,-117.0,2416.0,2015,2533.0,815.0,3.3263803680981594
981,SBILIFE,Mar 2016,5778.0,-7204.0,-144.0,-1570.0,2016,-1426.0,844.0,6.845971563981043
982,SBILIFE,Mar 2017,8525.0,-9032.0,-144.0,-651.0,2017,-507.0,955.0,8.926701570680628
983,SBILIFE,Mar 2018,10395.0,-8910.0,-221.0,1264.0,2018,1485.0,1150.0,9.039130434782608
984,SBILIFE,Mar 2019,13473.0,-13552.0,-241.0,-321.0,2019,-79.0,1327.0,10.152976639035419
985,SBILIFE,Mar 2020,19299.0,-16986.0,-198.0,2114.0,2020,2313.0,1422.0,13.571729957805907
986,SBILIFE,Mar 2021,23878.0,-19203.0,3.0,4677.0,2021,4675.0,1456.0,16.399725274725274
987,SBILIFE,Mar 2022,21852.0,-21611.0,-231.0,10.0,2022,241.0,1506.0,14.50996015936255
988,SBILIFE,Mar 2023,28656.0,-30203.0,-415.0,-1962.0,2023,-1547.0,1721.0,16.650784427658337
989,SBILIFE,Mar 2024,29122.0,-31221.0,-227.0,-2327.0,2024,-2099.0,1894.0,15.375923970432947
990,SBIN,Mar 2013,24332.0,-2271.0,-4424.0,17637.0,2013,22061.0,18555.0,1.3113446510374562
991,SBIN,Mar 2014,19142.0,-791.0,3583.0,21934.0,2014,18351.0,14807.0,1.2927669345579793
992,SBIN,Mar 2015,26297.0,-3424.0,-1553.0,21320.0,2015,22873.0,17832.0,1.4747083894122925
993,SBIN,Mar 2016,14477.0,-2747.0,4348.0,16078.0,2016,11730.0,13019.0,1.1119901682156847
994,SBIN,Mar 2017,77406.0,-4572.0,-4196.0,68638.0,2017,72834.0,-97.0,-798.0
995,SBIN,Mar 2018,-96508.0,13053.0,5547.0,-77908.0,2018,-83455.0,-3749.0,25.742331288343557
996,SBIN,Mar 2019,29556.0,220.0,448.0,30223.0,2019,29776.0,3351.0,8.820053715308863
997,SBIN,Mar 2020,23929.0,-555.0,5430.0,28803.0,2020,23374.0,21140.0,1.1319299905392621
998,SBIN,Mar 2021,89919.0,-3670.0,7143.0,93392.0,2021,86249.0,23888.0,3.764191225720027
999,SBIN,Mar 2022,57695.0,-2652.0,-3845.0,51198.0,2022,55043.0,37183.0,1.5516499475566792
1000,SBIN,Mar 2023,-86014.0,-966.0,6386.0,-80593.0,2023,-86980.0,57750.0,-1.4894199134199133
1001,SBIN,Mar 2024,21632.0,-3476.0,-9896.0,8260.0,2024,18156.0,69543.0,0.31105934457817463
1002,SHREECEM,Jun 2013,1260.0,-270.0,-982.0,8.0,2013,990.0,1004.0,1.254980079681275
1003,SHREECEM,Jun 2014,1401.0,-1234.0,-156.0,11.0,2014,167.0,787.0,1.7801778907242694
1004,SHREECEM,Jun 2015,1239.0,-990.0,-259.0,-10.0,2015,249.0,426.0,2.908450704225352
1005,SHREECEM,Mar 2016,1566.0,-1265.0,-271.0,31.0,2016,301.0,1143.0,1.3700787401574803
1006,SHREECEM,Mar 2017,2202.0,-2048.0,-167.0,-13.0,2017,154.0,1339.0,1.6445108289768484
1007,SHREECEM,Mar 2018,1879.0,-3595.0,1726.0,10.0,2018,-1716.0,1384.0,1.3576589595375723
1008,SHREECEM,Mar 2019,2080.0,-720.0,-1276.0,84.0,2019,1360.0,1015.0,2.0492610837438425
1009,SHREECEM,Mar 2020,3973.0,-5590.0,1581.0,-36.0,2020,-1617.0,1544.0,2.573186528497409
1010,SHREECEM,Mar 2021,4254.0,-2651.0,-1233.0,370.0,2021,1603.0,2337.0,1.8202824133504494
1011,SHREECEM,Mar 2022,2668.0,-2143.0,-849.0,-324.0,2022,525.0,1269.0,2.102442868400315
1012,SHREECEM,Mar 2023,2569.0,-2405.0,-277.0,-113.0,2023,164.0,2369.0,1.084423807513719
1013,SHREECEM,Mar 2024,3347.0,-1418.0,-1710.0,220.0,2024,1929.0,1733.0,1.93133294864397
1014,SHRIRAMFIN,Mar 2013,-8359.0,-41.0,9060.0,661.0,2013,-8400.0,1463.0,-5.713602187286398
1015,SHRIRAMFIN,Mar 2014,-4055.0,-112.0,5010.0,843.0,2014,-4167.0,1358.0,-2.9860088365243005
1016,SHRIRAMFIN,Mar 2015,-9611.0,-45.0,7836.0,-1819.0,2015,-9656.0,1028.0,-9.349221789883268
1017,SHRIRAMFIN,Mar 2016,-5507.0,-36.0,2822.0,-2721.0,2016,-5543.0,1184.0,-4.6511824324324325
1018,SHRIRAMFIN,Mar 2017,-2677.0,-2.0,3017.0,338.0,2017,-2679.0,1266.0,-2.1145339652448656
1019,SHRIRAMFIN,Mar 2018,-13142.0,86.0,13014.0,-42.0,2018,-13056.0,2549.0,-5.155747351902707
1020,SHRIRAMFIN,Mar 2019,-5535.0,-76.0,5550.0,-62.0,2019,-5611.0,2576.0,-2.1486801242236027
1021,SHRIRAMFIN,Mar 2020,-2464.0,-55.0,4579.0,2060.0,2020,-2519.0,2512.0,-0.9808917197452229
1022,SHRIRAMFIN,Mar 2021,-4239.0,-25.0,12226.0,7962.0,2021,-4264.0,2499.0,-1.6962785114045618
1023,SHRIRAMFIN,Mar 2022,-8859.0,-34.0,8505.0,-388.0,2022,-8893.0,2721.0,-3.2557883131201764
1024,SHRIRAMFIN,Mar 2023,-17625.0,5076.0,11820.0,-730.0,2023,-12549.0,6020.0,-2.9277408637873754
1025,SHRIRAMFIN,Mar 2024,-31101.0,-258.0,27609.0,-3750.0,2024,-31359.0,7399.0,-4.203405865657522
1026,SIEMENS,Sep 2011,3.0,264.0,-196.0,70.0,2011,267.0,868.0,0.0034562211981566822
1027,SIEMENS,Sep 2014,608.0,130.0,-220.0,517.0,2014,738.0,603.0,1.0082918739635158
1028,SIEMENS,Sep 2015,574.0,646.0,-245.0,975.0,2015,1220.0,1174.0,0.4889267461669506
1029,SIEMENS,Sep 2016,513.0,237.0,-1614.0,-864.0,2016,750.0,2914.0,0.17604667124227866
1030,SIEMENS,Sep 2017,573.0,1321.0,-285.0,1610.0,2017,1894.0,1137.0,0.503957783641161
1031,SIEMENS,Sep 2018,100.0,-174.0,-305.0,-379.0,2018,-74.0,901.0,0.11098779134295228
1032,SIEMENS,Sep 2019,1273.0,-1135.0,-312.0,-174.0,2019,138.0,1099.0,1.1583257506824385
1033,SIEMENS,Sep 2020,720.0,871.0,-386.0,1205.0,2020,1591.0,769.0,0.9362808842652796
1034,SIEMENS,Sep 2021,1422.0,-2389.0,-502.0,-1469.0,2021,-967.0,1089.0,1.3057851239669422
1035,SIEMENS,Sep 2022,978.0,-34.0,-392.0,552.0,2022,944.0,1543.0,0.6338302009073234
1036,SIEMENS,Sep 2023,1400.0,-759.0,-450.0,191.0,2023,641.0,1962.0,0.7135575942915392
1037,SIEMENS,Sep 2024,1670.0,-502.0,-523.0,644.0,2024,1168.0,2718.0,0.6144223693892568
1038,SUNPHARMA,Mar 2013,3357.0,-2375.0,-665.0,316.0,2013,982.0,3469.0,0.9677140386278467
1039,SUNPHARMA,Mar 2014,3959.0,-2176.0,507.0,2290.0,2014,1783.0,3879.0,1.0206238721319927
1040,SUNPHARMA,Mar 2015,5616.0,-1502.0,-1187.0,2927.0,2015,4114.0,5476.0,1.0255661066471877
1041,SUNPHARMA,Mar 2016,6686.0,-3949.0,-1889.0,848.0,2016,2737.0,5658.0,1.1816896429833863
1042,SUNPHARMA,Mar 2017,7082.0,-4186.0,-2285.0,611.0,2017,2896.0,7846.0,0.9026255416772878
1043,SUNPHARMA,Mar 2018,3907.0,-3104.0,-1539.0,-736.0,2018,803.0,2542.0,1.536978756884343
1044,SUNPHARMA,Mar 2019,2196.0,-310.0,-2731.0,-844.0,2019,1886.0,3208.0,0.6845386533665836
1045,SUNPHARMA,Mar 2020,6555.0,-2225.0,-5715.0,-1386.0,2020,4330.0,4172.0,1.571188878235858
1046,SUNPHARMA,Mar 2021,6170.0,407.0,-5980.0,596.0,2021,6577.0,2272.0,2.715669014084507
1047,SUNPHARMA,Mar 2022,8985.0,-5556.0,-5193.0,-1765.0,2022,3429.0,3389.0,2.6512245500147538
1048,SUNPHARMA,Mar 2023,4959.0,-7220.0,2376.0,115.0,2023,-2261.0,8513.0,0.5825208504639963
1049,SUNPHARMA,Mar 2024,12135.0,-763.0,-6710.0,4662.0,2024,11372.0,9610.0,1.2627471383975026
1050,TATACONSUM,Mar 2013,173.0,24.0,186.0,383.0,2013,197.0,445.0,0.3887640449438202
1051,TATACONSUM,Mar 2014,422.0,-1.0,-363.0,57.0,2014,421.0,510.0,0.8274509803921568
1052,TATACONSUM,Mar 2015,418.0,-207.0,-392.0,-182.0,2015,211.0,273.0,1.531135531135531
1053,TATACONSUM,Mar 2016,116.0,145.0,-282.0,-21.0,2016,261.0,-37.0,-3.135135135135135
1054,TATACONSUM,Mar 2017,741.0,145.0,-816.0,70.0,2017,886.0,455.0,1.6285714285714286
1055,TATACONSUM,Mar 2018,356.0,-31.0,-30.0,294.0,2018,325.0,556.0,0.6402877697841727
1056,TATACONSUM,Mar 2019,210.0,53.0,-224.0,39.0,2019,263.0,457.0,0.45951859956236324
1057,TATACONSUM,Mar 2020,1082.0,-622.0,-308.0,152.0,2020,460.0,460.0,2.3521739130434782
1058,TATACONSUM,Mar 2021,1656.0,-346.0,-426.0,884.0,2021,1310.0,930.0,1.7806451612903227
1059,TATACONSUM,Mar 2022,1516.0,-1317.0,-995.0,-796.0,2022,199.0,1015.0,1.4935960591133004
1060,TATACONSUM,Mar 2023,1461.0,-834.0,-714.0,-87.0,2023,627.0,1320.0,1.106818181818182
1061,TATACONSUM,Mar 2024,1937.0,-1911.0,256.0,281.0,2024,26.0,1215.0,1.594238683127572
1062,TATAMOTORS,Mar 2013,22163.0,-22969.0,-1692.0,-2499.0,2013,-806.0,9976.0,2.2216319165998395
1063,TATAMOTORS,Mar 2014,36151.0,-27991.0,-3883.0,4277.0,2014,8160.0,14050.0,2.5730249110320287
1064,TATAMOTORS,Mar 2015,35531.0,-36232.0,5201.0,4500.0,2015,-701.0,14073.0,2.524763731969019
1065,TATAMOTORS,Mar 2016,37900.0,-36694.0,-3795.0,-2589.0,2016,1206.0,11678.0,3.2454187360849462
1066,TATAMOTORS,Mar 2017,30199.0,-39571.0,6205.0,-3167.0,2017,-9372.0,7557.0,3.9961624983459045
1067,TATAMOTORS,Mar 2018,23857.0,-25139.0,2012.0,730.0,2018,-1282.0,9091.0,2.6242437575624242
1068,TATAMOTORS,Mar 2019,18891.0,-20878.0,8830.0,6843.0,2019,-1987.0,-28724.0,-0.6576730260409414
1069,TATAMOTORS,Mar 2020,26633.0,-33115.0,3390.0,-3092.0,2020,-6482.0,-11975.0,-2.2240501043841334
1070,TATAMOTORS,Mar 2021,29001.0,-25672.0,9904.0,13232.0,2021,3329.0,-13395.0,-2.1650615901455765
1071,TATAMOTORS,Mar 2022,14283.0,-4444.0,-3380.0,6459.0,2022,9839.0,-11309.0,-1.262976390485454
1072,TATAMOTORS,Mar 2023,35388.0,-15417.0,-26243.0,-6272.0,2023,19971.0,2690.0,13.155390334572491
1073,TATAMOTORS,Mar 2024,67915.0,-22782.0,-37006.0,8128.0,2024,45133.0,31807.0,2.135221806520577
1074,TATAPOWER,Mar 2013,3286.0,-4026.0,-593.0,-1333.0,2013,-740.0,123.0,26.715447154471544
1075,TATAPOWER,Mar 2014,6483.0,-3609.0,-3265.0,-392.0,2014,2874.0,12.0,540.25
1076,TATAPOWER,Mar 2015,5981.0,-3865.0,-2239.0,-123.0,2015,2116.0,457.0,13.087527352297593
1077,TATAPOWER,Mar 2016,7415.0,-1805.0,-6183.0,-574.0,2016,5610.0,786.0,9.43384223918575
1078,TATAPOWER,Mar 2017,7014.0,-7373.0,937.0,579.0,2017,-359.0,1100.0,6.376363636363636
1079,TATAPOWER,Mar 2018,6364.0,-1512.0,-4726.0,126.0,2018,4852.0,2611.0,2.4373803140559174
1080,TATAPOWER,Mar 2019,4574.0,-272.0,-5184.0,-883.0,2019,4302.0,2606.0,1.7551803530314658
1081,TATAPOWER,Mar 2020,7375.0,-493.0,-5110.0,1773.0,2020,6882.0,1316.0,5.604103343465046
1082,TATAPOWER,Mar 2021,8345.0,993.0,-7603.0,1736.0,2021,9338.0,1439.0,5.799166087560806
1083,TATAPOWER,Mar 2022,6693.0,-6250.0,-1183.0,-741.0,2022,443.0,2156.0,3.104359925788497
1084,TATAPOWER,Mar 2023,7166.0,-7263.0,1341.0,1243.0,2023,-97.0,3810.0,1.8808398950131233
1085,TATAPOWER,Mar 2024,12596.0,-9027.0,-4497.0,-928.0,2024,3569.0,4280.0,2.9429906542056075
1086,TATASTEEL,Mar 2013,14035.0,-13099.0,-1780.0,-844.0,2013,936.0,-7272.0,-1.930005500550055
1087,TATASTEEL,Mar 2014,13146.0,-15378.0,1015.0,-1218.0,2014,-2232.0,3665.0,3.5869031377899043
1088,TATASTEEL,Mar 2015,11880.0,-9021.0,-2617.0,241.0,2015,2859.0,-3939.0,-3.015993907083016
1089,TATASTEEL,Mar 2016,11455.0,-8794.0,-4729.0,-2068.0,2016,2661.0,-497.0,-23.048289738430583
1090,TATASTEEL,Mar 2017,10824.0,-9490.0,-2579.0,-1245.0,2017,1334.0,-4169.0,-2.5963060686015833
1091,TATASTEEL,Mar 2018,8023.0,-11730.0,6640.0,2933.0,2018,-3707.0,17743.0,0.4521783238460238
1092,TATASTEEL,Mar 2019,25336.0,-29176.0,-673.0,-4513.0,2019,-3840.0,9122.0,2.777461083095812
1093,TATASTEEL,Mar 2020,20169.0,-14012.0,-1695.0,4462.0,2020,6157.0,1174.0,17.179727427597957
1094,TATASTEEL,Mar 2021,44327.0,-9437.0,-37090.0,-2200.0,2021,34890.0,8190.0,5.412332112332113
1095,TATASTEEL,Mar 2022,44381.0,-10905.0,-23401.0,10075.0,2022,33476.0,41749.0,1.063043426189849
1096,TATASTEEL,Mar 2023,21683.0,-18179.0,-6981.0,-3477.0,2023,3504.0,8075.0,2.6852012383900927
1097,TATASTEEL,Mar 2024,20301.0,-14253.0,-11097.0,-5049.0,2024,6048.0,-4910.0,-4.134623217922607
1098,TCS,Mar 2013,11615.0,-6038.0,-5729.0,-152.0,2013,5577.0,14076.0,0.8251633986928104
1099,TCS,Mar 2014,14751.0,-9452.0,-5673.0,-374.0,2014,5299.0,19332.0,0.7630353817504656
1100,TCS,Mar 2015,19369.0,-1807.0,-17168.0,394.0,2015,17562.0,20060.0,0.9655533399800598
1101,TCS,Mar 2016,19109.0,-5010.0,-9666.0,4433.0,2016,14099.0,24338.0,0.785150792998603
1102,TCS,Mar 2017,25223.0,-16895.0,-11026.0,-2698.0,2017,8328.0,26357.0,0.9569753765603065
1103,TCS,Mar 2018,25067.0,3104.0,-26885.0,1286.0,2018,28171.0,25880.0,0.9685857805255024
1104,TCS,Mar 2019,28593.0,1645.0,-27897.0,2341.0,2019,30238.0,31562.0,0.9059311830682466
1105,TCS,Mar 2020,32369.0,8968.0,-39915.0,1422.0,2020,41337.0,32447.0,0.9975960797608407
1106,TCS,Mar 2021,38802.0,-7956.0,-32634.0,-1788.0,2021,30846.0,32562.0,1.191634420490142
1107,TCS,Mar 2022,39949.0,-738.0,-33581.0,5630.0,2022,39211.0,38449.0,1.0390127181461157
1108,TCS,Mar 2023,41965.0,548.0,-47878.0,-5365.0,2023,42513.0,42303.0,0.9920100229298159
1109,TCS,Mar 2024,44338.0,6091.0,-48536.0,1893.0,2024,50429.0,46099.0,0.9617996051975097
1110,TECHM,Mar 2013,855.0,-622.0,65.0,298.0,2013,233.0,1307.0,0.6541698546289212
1111,TECHM,Mar 2014,1596.0,291.0,-972.0,915.0,2014,1887.0,3062.0,0.5212279555845852
1112,TECHM,Mar 2015,2448.0,-1865.0,-829.0,-246.0,2015,583.0,2659.0,0.9206468597216999
1113,TECHM,Mar 2016,3137.0,-1453.0,-496.0,1188.0,2016,1684.0,3027.0,1.0363396101750908
1114,TECHM,Mar 2017,4071.0,-2893.0,-1571.0,-392.0,2017,1178.0,2851.0,1.4279200280603297
1115,TECHM,Mar 2018,3554.0,-3319.0,-269.0,-35.0,2018,235.0,3786.0,0.9387216059165346
1116,TECHM,Mar 2019,4432.0,-2104.0,-2251.0,77.0,2019,2328.0,4289.0,1.0333411051527162
1117,TECHM,Mar 2020,4358.0,1081.0,-4466.0,974.0,2020,5439.0,3897.0,1.1182961252245316
1118,TECHM,Mar 2021,8094.0,-5433.0,-2987.0,-326.0,2021,2661.0,4353.0,1.859407305306685
1119,TECHM,Mar 2022,5285.0,480.0,-4667.0,1098.0,2022,5765.0,5630.0,0.9387211367673179
1120,TECHM,Mar 2023,5572.0,-226.0,-5078.0,267.0,2023,5346.0,4857.0,1.1472102120650607
1121,TECHM,Mar 2024,6376.0,-1318.0,-4767.0,291.0,2024,5058.0,2397.0,2.6599916562369628
1122,TITAN,Mar 2013,553.0,-142.0,-236.0,176.0,2013,411.0,725.0,0.7627586206896552
1123,TITAN,Mar 2014,-555.0,-271.0,497.0,-329.0,2014,-826.0,735.0,-0.7551020408163265
1124,TITAN,Mar 2015,503.0,-118.0,-1005.0,-620.0,2015,385.0,816.0,0.616421568627451
1125,TITAN,Mar 2016,576.0,-159.0,-505.0,-88.0,2016,417.0,675.0,0.8533333333333334
1126,TITAN,Mar 2017,1712.0,-953.0,-166.0,594.0,2017,759.0,697.0,2.456241032998565
1127,TITAN,Mar 2018,-51.0,98.0,-252.0,-206.0,2018,47.0,1102.0,-0.04627949183303085
1128,TITAN,Mar 2019,1243.0,-797.0,-489.0,-43.0,2019,446.0,1389.0,0.8948884089272858
1129,TITAN,Mar 2020,-348.0,235.0,-242.0,-355.0,2020,-113.0,1493.0,-0.23308774279973207
1130,TITAN,Mar 2021,4139.0,-2799.0,-1234.0,106.0,2021,1340.0,974.0,4.249486652977413
1131,TITAN,Mar 2022,-724.0,1165.0,-403.0,38.0,2022,441.0,2198.0,-0.3293903548680619
1132,TITAN,Mar 2023,1370.0,-1814.0,457.0,13.0,2023,-444.0,3274.0,0.4184483811850947
1133,TITAN,Mar 2024,1695.0,-189.0,-1329.0,177.0,2024,1506.0,3496.0,0.4848398169336384
1134,TORNTPHARM,Mar 2013,153.0,-247.0,20.0,-73.0,2013,-94.0,435.0,0.35172413793103446
1135,TORNTPHARM,Mar 2014,599.0,-418.0,86.0,268.0,2014,181.0,664.0,0.9021084337349398
1136,TORNTPHARM,Mar 2015,810.0,-2113.0,1212.0,-90.0,2015,-1303.0,751.0,1.0785619174434087
1137,TORNTPHARM,Mar 2016,2742.0,-869.0,-1435.0,437.0,2016,1873.0,1733.0,1.5822273514137335
1138,TORNTPHARM,Mar 2017,1009.0,-798.0,-193.0,18.0,2017,211.0,934.0,1.0802997858672376
1139,TORNTPHARM,Mar 2018,894.0,-4677.0,3417.0,-366.0,2018,-3783.0,678.0,1.3185840707964602
1140,TORNTPHARM,Mar 2019,1798.0,-246.0,-1314.0,238.0,2019,1552.0,436.0,4.123853211009174
1141,TORNTPHARM,Mar 2020,1393.0,229.0,-1549.0,73.0,2020,1622.0,1025.0,1.3590243902439025
1142,TORNTPHARM,Mar 2021,2005.0,-444.0,-1651.0,-89.0,2021,1561.0,1252.0,1.601437699680511
1143,TORNTPHARM,Mar 2022,1803.0,-196.0,-1781.0,-174.0,2022,1607.0,777.0,2.3204633204633205
1144,TORNTPHARM,Mar 2023,2368.0,-2335.0,77.0,110.0,2023,33.0,1245.0,1.902008032128514
1145,TORNTPHARM,Mar 2024,3266.0,-160.0,-2780.0,327.0,2024,3106.0,1656.0,1.9722222222222223
1146,TRENT,Mar 2013,31.0,-276.0,147.0,-97.0,2013,-245.0,-27.0,-1.1481481481481481
1147,TRENT,Mar 2014,-46.0,-48.0,-50.0,-145.0,2014,-94.0,-19.0,2.4210526315789473
1148,TRENT,Mar 2015,-10.0,-306.0,310.0,-6.0,2015,-316.0,129.0,-0.07751937984496124
1149,TRENT,Mar 2016,109.0,-98.0,-13.0,-2.0,2016,11.0,55.0,1.981818181818182
1150,TRENT,Mar 2017,102.0,-44.0,-51.0,7.0,2017,58.0,85.0,1.2
1151,TRENT,Mar 2018,77.0,-4.0,-74.0,-1.0,2018,73.0,87.0,0.8850574712643678
1152,TRENT,Mar 2019,21.0,-37.0,37.0,21.0,2019,-16.0,95.0,0.22105263157894736
1153,TRENT,Mar 2020,361.0,-809.0,452.0,5.0,2020,-448.0,106.0,3.4056603773584904
1154,TRENT,Mar 2021,285.0,18.0,-283.0,20.0,2021,303.0,-181.0,-1.574585635359116
1155,TRENT,Mar 2022,58.0,56.0,-108.0,6.0,2022,114.0,35.0,1.6571428571428573
1156,TRENT,Mar 2023,595.0,-103.0,-491.0,1.0,2023,492.0,394.0,1.5101522842639594
1157,TRENT,Mar 2024,1349.0,-508.0,-629.0,211.0,2024,841.0,1477.0,0.913337846987136
1158,TVSMOTOR,Mar 2013,464.0,-120.0,-402.0,-58.0,2013,344.0,198.0,2.3434343434343434
1159,TVSMOTOR,Mar 2014,470.0,-235.0,-216.0,19.0,2014,235.0,187.0,2.513368983957219
1160,TVSMOTOR,Mar 2015,83.0,-415.0,261.0,-71.0,2015,-332.0,328.0,0.2530487804878049
1161,TVSMOTOR,Mar 2016,936.0,-605.0,-319.0,12.0,2016,331.0,429.0,2.1818181818181817
1162,TVSMOTOR,Mar 2017,689.0,-709.0,-59.0,-79.0,2017,-20.0,509.0,1.3536345776031433
1163,TVSMOTOR,Mar 2018,354.0,-1095.0,897.0,156.0,2018,-741.0,665.0,0.5323308270676692
1164,TVSMOTOR,Mar 2019,-918.0,-1104.0,2210.0,188.0,2019,-2022.0,725.0,-1.2662068965517241
1165,TVSMOTOR,Mar 2020,373.0,-1090.0,1619.0,902.0,2020,-717.0,647.0,0.5765069551777434
1166,TVSMOTOR,Mar 2021,1151.0,-882.0,264.0,532.0,2021,269.0,608.0,1.893092105263158
1167,TVSMOTOR,Mar 2022,-1575.0,-1471.0,2918.0,532.0,2022,-3046.0,731.0,-2.1545827633378933
1168,TVSMOTOR,Mar 2023,-4405.0,-1308.0,6118.0,406.0,2023,-5713.0,1309.0,-3.3651642475171886
1169,TVSMOTOR,Mar 2024,-1253.0,-1001.0,2759.0,505.0,2024,-2254.0,1779.0,-0.7043282743114109
1170,ULTRACEMCO,Mar 2013,3618.0,-4362.0,715.0,-30.0,2013,-744.0,2688.0,1.3459821428571428
1171,ULTRACEMCO,Mar 2014,3455.0,-2342.0,-949.0,164.0,2014,1113.0,2213.0,1.561229100768188
1172,ULTRACEMCO,Mar 2015,4190.0,-2144.0,-2110.0,-63.0,2015,2046.0,2102.0,1.9933396764985727
1173,ULTRACEMCO,Mar 2016,4526.0,-3673.0,-844.0,8.0,2016,853.0,2480.0,1.825
1174,ULTRACEMCO,Mar 2017,5005.0,-2501.0,-2535.0,-31.0,2017,2504.0,2714.0,1.844141488577745
1175,ULTRACEMCO,Mar 2018,3888.0,1866.0,-5735.0,18.0,2018,5754.0,2224.0,1.7482014388489209
1176,ULTRACEMCO,Mar 2019,5956.0,1165.0,-6757.0,364.0,2019,7121.0,2400.0,2.4816666666666665
1177,ULTRACEMCO,Mar 2020,8972.0,-4192.0,-5076.0,-295.0,2020,4780.0,5751.0,1.560076508433316
1178,ULTRACEMCO,Mar 2021,12500.0,-8856.0,-4356.0,-712.0,2021,3644.0,5462.0,2.288538996704504
1179,ULTRACEMCO,Mar 2022,9283.0,2257.0,-12498.0,-958.0,2022,11540.0,7334.0,1.2657485683119716
1180,ULTRACEMCO,Mar 2023,9069.0,-7188.0,-1631.0,250.0,2023,1881.0,5073.0,1.787699586043761
1181,ULTRACEMCO,Mar 2024,10898.0,-8789.0,-1926.0,183.0,2024,2109.0,7004.0,1.5559680182752713
1182,UNIONBANK,Mar 2013,-4245.0,-343.0,5096.0,507.0,2013,-4588.0,2146.0,-1.978098788443616
1183,UNIONBANK,Mar 2014,2570.0,-363.0,4902.0,7109.0,2014,2207.0,1687.0,1.5234143449911084
1184,UNIONBANK,Mar 2015,-3567.0,-318.0,3168.0,-718.0,2015,-3885.0,1771.0,-2.0141163184641444
1185,UNIONBANK,Mar 2016,81.0,-9.0,-2.0,70.0,2016,72.0,1347.0,0.060133630289532294
1186,UNIONBANK,Mar 2017,-6624.0,-280.0,10194.0,3289.0,2017,-6904.0,573.0,-11.56020942408377
1187,UNIONBANK,Mar 2018,6097.0,-315.0,10792.0,16574.0,2018,5782.0,-5212.0,-1.169800460475825
1188,UNIONBANK,Mar 2019,-7778.0,-297.0,1758.0,-6317.0,2019,-8075.0,-2922.0,2.6618754277891856
1189,UNIONBANK,Mar 2020,-77.0,-4.0,201.0,121.0,2020,-81.0,-3121.0,0.024671579621916052
1190,UNIONBANK,Mar 2021,20527.0,-601.0,-18861.0,1066.0,2021,19926.0,2863.0,7.169752008382815
1191,UNIONBANK,Mar 2022,36339.0,-558.0,-786.0,34995.0,2022,35781.0,5265.0,6.901994301994302
1192,UNIONBANK,Mar 2023,6056.0,-2561.0,-10654.0,-7159.0,2023,3495.0,8512.0,0.7114661654135338
1193,UNIONBANK,Mar 2024,19930.0,-1394.0,-11489.0,7047.0,2024,18536.0,13797.0,1.4445169239689788
1194,UNITDSPR,Mar 2013,1969.0,-1121.0,-992.0,-145.0,2013,848.0,-105.0,-18.752380952380953
1195,UNITDSPR,Mar 2014,-552.0,-252.0,1235.0,431.0,2014,-804.0,-4489.0,0.12296725328580976
1196,UNITDSPR,Mar 2015,-196.0,3855.0,-4002.0,-343.0,2015,3659.0,-1687.0,0.11618257261410789
1197,UNITDSPR,Mar 2016,283.0,733.0,-1155.0,-139.0,2016,1016.0,143.0,1.979020979020979
1198,UNITDSPR,Mar 2017,647.0,-227.0,-475.0,-56.0,2017,420.0,93.0,6.956989247311828
1199,UNITDSPR,Mar 2018,925.0,104.0,-966.0,63.0,2018,1029.0,652.0,1.4187116564417177
1200,UNITDSPR,Mar 2019,948.0,-66.0,-808.0,74.0,2019,882.0,684.0,1.3859649122807018
1201,UNITDSPR,Mar 2020,783.0,-194.0,-740.0,-150.0,2020,589.0,621.0,1.2608695652173914
1202,UNITDSPR,Mar 2021,1818.0,-99.0,-1707.0,12.0,2021,1719.0,362.0,5.0220994475138125
1203,UNITDSPR,Mar 2022,977.0,-313.0,-688.0,-23.0,2022,664.0,811.0,1.2046855733662145
1204,UNITDSPR,Mar 2023,615.0,-55.0,-500.0,60.0,2023,560.0,1126.0,0.5461811722912966
1205,UNITDSPR,Mar 2024,1118.0,226.0,-407.0,937.0,2024,1344.0,1408.0,0.7940340909090909
1206,VBL,Dec 2012,280.0,-507.0,229.0,3.0,2012,-227.0,25.0,11.2
1207,VBL,Dec 2013,297.0,-574.0,274.0,-2.0,2013,-277.0,-40.0,-7.425
1208,VBL,Dec 2014,431.0,-500.0,58.0,-11.0,2014,-69.0,-20.0,-21.55
1209,VBL,Dec 2015,555.0,-300.0,-236.0,19.0,2015,255.0,113.0,4.911504424778761
1210,VBL,Dec 2016,826.0,-1048.0,230.0,8.0,2016,-222.0,48.0,17.208333333333332
1211,VBL,Dec 2017,620.0,-746.0,159.0,32.0,2017,-126.0,214.0,2.897196261682243
1212,VBL,Dec 2018,1000.0,-937.0,-84.0,-22.0,2018,63.0,300.0,3.3333333333333335
1213,VBL,Dec 2019,1308.0,-2320.0,1107.0,95.0,2019,-1012.0,472.0,2.7711864406779663
1214,VBL,Dec 2020,1012.0,-472.0,-574.0,-33.0,2020,540.0,357.0,2.834733893557423
1215,VBL,Dec 2021,1231.0,-1008.0,-178.0,46.0,2021,223.0,746.0,1.6501340482573728
1216,VBL,Dec 2022,1790.0,-1769.0,-18.0,4.0,2022,21.0,1550.0,1.1548387096774193
1217,VBL,Dec 2023,2391.0,-3288.0,985.0,88.0,2023,-897.0,2102.0,1.137488106565176
1218,VEDL,Mar 2013,22.0,-311.0,238.0,-51.0,2013,-289.0,2280.0,0.009649122807017544
1219,VEDL,Mar 2014,15601.0,-2890.0,-5052.0,7659.0,2014,12711.0,11421.0,1.3659924700113826
1220,VEDL,Mar 2015,17805.0,-4133.0,-13956.0,-284.0,2015,13672.0,-11369.0,-1.5661008004222008
1221,VEDL,Mar 2016,20377.0,-7868.0,-11303.0,1206.0,2016,12509.0,-17862.0,-1.140801701937073
1222,VEDL,Mar 2017,18083.0,2681.0,-12425.0,8339.0,2017,20764.0,11316.0,1.5980028278543654
1223,VEDL,Mar 2018,17366.0,15480.0,-39255.0,-6409.0,2018,32846.0,13692.0,1.268331872626351
1224,VEDL,Mar 2019,23754.0,-10594.0,-10242.0,2918.0,2019,13160.0,9698.0,2.4493710043307897
1225,VEDL,Mar 2020,19300.0,-5925.0,-15547.0,-2172.0,2020,13375.0,-4744.0,-4.068296795952782
1226,VEDL,Mar 2021,23980.0,-6678.0,-17565.0,-263.0,2021,17302.0,15032.0,1.5952634379989357
1227,VEDL,Mar 2022,34963.0,-2243.0,-28903.0,3817.0,2022,32720.0,23710.0,1.4746098692534795
1228,VEDL,Mar 2023,33065.0,-668.0,-34142.0,-1745.0,2023,32397.0,14503.0,2.279873129697304
1229,VEDL,Mar 2024,35654.0,-13676.0,-26092.0,-4114.0,2024,21978.0,7539.0,4.729274439580847
1230,WIPRO,Mar 2013,6394.0,-4536.0,-1140.0,717.0,2013,1858.0,6182.0,1.034293109026205
1231,WIPRO,Mar 2014,6790.0,-284.0,-3570.0,2936.0,2014,6506.0,7991.0,0.8497059191590539
1232,WIPRO,Mar 2015,7840.0,-2537.0,-830.0,4474.0,2015,5303.0,8714.0,0.8997016295616249
1233,WIPRO,Mar 2016,7887.0,-13761.0,-159.0,-6032.0,2016,-5874.0,8957.0,0.8805403594953668
1234,WIPRO,Mar 2017,9277.0,-11770.0,-2275.0,-4767.0,2017,-2493.0,8518.0,1.0891054238084057
1235,WIPRO,Mar 2018,8423.0,3595.0,-12998.0,-979.0,2018,12018.0,8003.0,1.052480319880045
1236,WIPRO,Mar 2019,11632.0,5065.0,-4937.0,11760.0,2019,16697.0,9018.0,1.2898647150144156
1237,WIPRO,Mar 2020,10064.0,3593.0,-15100.0,-1442.0,2020,13657.0,9772.0,1.0298812934916086
1238,WIPRO,Mar 2021,14755.0,685.0,-12884.0,2556.0,2021,15440.0,10868.0,1.3576555023923444
1239,WIPRO,Mar 2022,11080.0,-22321.0,4659.0,-6583.0,2022,-11241.0,12243.0,0.9050069427427918
1240,WIPRO,Mar 2023,13060.0,-8169.0,-6088.0,-1197.0,2023,4891.0,11366.0,1.1490409994721098
1241,WIPRO,Mar 2024,17622.0,1144.0,-18257.0,509.0,2024,18766.0,11112.0,1.58585313174946
1242,ZOMATO,Mar 2020,-2144.0,1740.0,359.0,-45.0,2020,-404.0,-2386.0,0.8985750209555742
1243,ZOMATO,Mar 2021,-1018.0,-5245.0,6402.0,139.0,2021,-6263.0,-816.0,1.2475490196078431
1244,ZOMATO,Mar 2022,-693.0,-7971.0,8750.0,86.0,2022,-8664.0,-1222.0,0.5671031096563012
1245,ZOMATO,Mar 2023,-844.0,797.0,-127.0,-174.0,2023,-47.0,-971.0,0.8692070030895983
1246,ZOMATO,Mar 2024,646.0,-348.0,-207.0,91.0,2024,298.0,351.0,1.8404558404558404
1247,ZYDUSLIFE,Mar 2013,603.0,-682.0,286.0,207.0,2013,-79.0,690.0,0.8739130434782608
1248,ZYDUSLIFE,Mar 2014,903.0,-438.0,-529.0,-64.0,2014,465.0,836.0,1.0801435406698565
1249,ZYDUSLIFE,Mar 2015,994.0,-465.0,-351.0,178.0,2015,529.0,1188.0,0.8367003367003367
1250,ZYDUSLIFE,Mar 2016,1894.0,-860.0,-935.0,99.0,2016,1034.0,1964.0,0.9643584521384929
1251,ZYDUSLIFE,Mar 2017,1312.0,-2872.0,2316.0,756.0,2017,-1560.0,1517.0,0.8648648648648649
1252,ZYDUSLIFE,Mar 2018,919.0,-974.0,52.0,-3.0,2018,-55.0,1810.0,0.5077348066298343
1253,ZYDUSLIFE,Mar 2019,1282.0,-3977.0,1885.0,-811.0,2019,-2695.0,1899.0,0.6750921537651395
1254,ZYDUSLIFE,Mar 2020,2932.0,-1004.0,-1528.0,399.0,2020,1928.0,1204.0,2.435215946843854
1255,ZYDUSLIFE,Mar 2021,3294.0,-837.0,-2548.0,-90.0,2021,2457.0,2185.0,1.5075514874141875
1256,ZYDUSLIFE,Mar 2022,2104.0,-1018.0,-868.0,219.0,2022,1086.0,4618.0,0.4556084885231702
1257,ZYDUSLIFE,Mar 2023,2689.0,1542.0,-4400.0,-170.0,2023,4231.0,2092.0,1.2853728489483747
1258,ZYDUSLIFE,Mar 2024,3228.0,-1492.0,-1810.0,-75.0,2024,1736.0,3973.0,0.8124842688144979
